control,scene_seed,steps,seconds,episode_return,final_phase,success,wrong_target,wrong_destination,placement_error_m,placement_error_xyz_m,dropped,max_lift_m,collision,collision_steps
initial,200000,220,1.8653195000370033,2.804588506418452,0,False,False,False,0.18477378986045487,0.18482187086771237,False,0.83,False,0
initial,200001,220,2.144700799952261,7.6993980423665755,0,False,False,False,0.1765132199518426,0.17656355045539096,False,0.83,False,0
initial,200002,220,1.8494158000103198,6.473188753534681,0,False,False,False,0.17045157052227233,0.17050369035641133,False,0.83,False,0
initial,200003,220,1.7998370000277646,6.070576213379302,0,False,False,False,0.18197097510024549,0.18201979647988836,False,0.83,False,0
initial,200004,220,1.755244700005278,5.356557662466782,0,False,False,False,0.2193531315905863,0.2193936345253501,False,0.83,False,0
initial,200005,220,1.7901652000145987,5.32449437639621,0,False,False,False,0.14562093698120918,0.14568194060668987,False,0.83,False,0
initial,200006,220,1.8285237000091001,7.768970469952125,0,False,False,False,0.2781656488286616,0.2781975893495774,False,0.83,False,0
initial,200007,220,2.0396473000291735,6.373341614218358,0,False,False,False,0.3064769812428206,0.3065059714970624,False,0.83,False,0
initial,200008,220,3.2729420000105165,4.11530299184648,0,False,False,False,0.31814590724662084,0.31817383429411866,False,0.83,False,0
initial,200009,220,2.330017999978736,12.023280403676717,0,False,False,False,0.19157928881574846,0.19162566225532993,False,0.83,False,0
initial,200010,220,1.8345212999847718,4.797733747491502,0,False,False,False,0.18826441770824176,0.188311607466638,False,0.83,False,0
initial,200011,220,1.7757378000533208,6.113566858105811,0,False,False,False,0.19514521331788878,0.19519073956653307,False,0.83,False,0
initial,200012,220,1.9994094999856316,3.2800712883683243,0,False,False,False,0.23518009538741172,0.23521787304131012,False,0.83,False,0
initial,200013,220,1.909372300026007,10.282092928025492,0,False,False,False,0.1653931338411612,0.16544684721518896,False,0.83,False,0
initial,200014,220,1.7920165000250563,7.490684597886205,0,False,False,False,0.2760029258338675,0.27603511660747293,False,0.83,False,0
initial,200015,220,2.145288600004278,6.589027302811315,0,False,False,False,0.29297975241505303,0.2930100780806551,False,0.83,False,0
initial,200016,220,1.8250765000120737,9.017510606395431,0,False,False,False,0.2634198008563792,0.26345352913722814,False,0.83,False,0
initial,200017,220,1.7885940999840386,14.53559865520175,0,False,False,False,0.16832047710417786,0.16837325661821678,False,0.83,False,0
initial,200018,220,1.687425300013274,9.113257324942232,0,False,False,False,0.14000056625992363,0.14006401780880443,False,0.83,False,0
initial,200019,220,1.775546699995175,5.299780964294884,0,False,False,False,0.21711667822249736,0.2171575982875508,False,0.83,False,0
initial,200020,220,1.7271913000149652,5.368115082139416,0,False,False,False,0.19209243158981676,0.1921386811803762,False,0.83,False,0
initial,200021,220,1.7534456999856047,13.648500281766985,0,False,False,False,0.2696737913455472,0.2697067375323196,False,0.83,False,0
initial,200022,220,1.7172304000123404,11.437114593080722,0,False,False,False,0.13867354434699483,0.13873760280977815,False,0.83,False,0
initial,200023,220,1.7504061000072397,4.007000403029696,0,False,False,False,0.20453021695956758,0.2045736546605491,False,0.83,False,0
initial,200024,220,1.8605081000132486,4.4703930758182056,0,False,False,False,0.1914483777099856,0.19149478285172974,False,0.83,False,0
initial,200025,220,1.7612551000202075,2.619512716484102,0,False,False,False,0.1882603625894522,0.18830755336405874,False,0.83,False,0
initial,200026,220,1.7403707999619655,12.787249613985342,0,False,False,False,0.179288967992521,0.17933851949725982,False,0.83,False,0
initial,200027,220,1.7265431000269018,11.374053183161124,0,False,False,False,0.16092300223268724,0.16097820715620884,False,0.83,False,0
initial,200028,220,1.6971133999759331,4.651209771922602,0,False,False,False,0.16740619473179424,0.1674592624079816,False,0.83,False,0
initial,200029,220,1.7967732000397518,2.8895465708281725,0,False,False,False,0.32328225652723125,0.3233097399042973,False,0.83,False,0
initial,200030,220,1.7376885000267066,8.659477063100375,0,False,False,False,0.11708816212184293,0.11713174029039584,False,0.83,False,0
initial,200031,220,1.7098986000055447,10.519348462895623,0,False,False,False,0.14803382235161155,0.14809383205142038,False,0.83,False,0
initial,200032,220,1.8983582999790087,16.315704969155636,0,False,False,False,0.25516320904537526,0.25519802856209467,False,0.83,False,0
initial,200033,220,1.7814350000116974,4.473899938759356,0,False,False,False,0.29901886506091535,0.29904857831791093,False,0.83,False,0
initial,200034,220,1.8537766000372358,5.19628006110827,0,False,False,False,0.17238125066692997,0.17243278723357913,False,0.83,False,0
initial,200035,220,1.6739307999960147,3.9441922601934154,0,False,False,False,0.30148753472828815,0.3015170047081699,False,0.83,False,0
initial,200036,220,1.7684918000013568,3.4174275083319987,0,False,False,False,0.22029807058987136,0.22033839982460107,False,0.83,False,0
initial,200037,220,1.792663000000175,5.590145765299669,0,False,False,False,0.29128052741033483,0.29131102996640656,False,0.83,False,0
initial,200038,220,1.7418533000163734,7.7338526802004965,0,False,False,False,0.2095016899211468,0.20954409705706853,False,0.83,False,0
initial,200039,220,1.7381246999721043,8.788442610230613,0,False,False,False,0.17385997637426065,0.17391107473793696,False,0.83,False,0
initial,200040,220,1.7542672000126913,4.9797721942228135,0,False,False,False,0.3123923411929786,0.3124207825476342,False,0.83,False,0
initial,200041,220,1.7213370999670587,3.215823911477058,0,False,False,False,0.17566119231805352,0.1757117668747486,False,0.83,False,0
initial,200042,220,1.7626246000290848,15.64084096967983,0,False,False,False,0.1681845598363498,0.1682373819904261,False,0.83,False,0
initial,200043,220,1.7589553999714553,6.677450464366257,0,False,False,False,0.308561080689927,0.3085898751550048,False,0.83,False,0
initial,200044,220,1.7115764999762177,3.1037160747951353,0,False,False,False,0.32139150792961413,0.3214191529777232,False,0.83,False,0
initial,200045,220,1.7456292000133544,10.108973699543528,0,False,False,False,0.28615635269126294,0.28618740139498156,False,0.83,False,0
initial,200046,220,1.689611000008881,2.919878754388867,0,False,False,False,0.3290537410291722,0.3290807423975753,False,0.83,False,0
initial,200047,220,1.762288699974306,9.331820413340424,0,False,False,False,0.29545397289989056,0.295484044635197,False,0.83,False,0
initial,200048,220,1.771878800005652,4.083978286808167,0,False,False,False,0.16596735062936538,0.16602087822492845,False,0.83,False,0
initial,200049,220,1.8284759999951348,15.706063206784282,0,False,False,False,0.27996302262555467,0.2799947581103665,False,0.83,False,0
initial,200050,220,1.767015999997966,12.506087158530162,0,False,False,False,0.2841946691633215,0.2842259321604831,False,0.83,False,0
initial,200051,220,1.7095866999588907,5.082678854109275,0,False,False,False,0.32362814136013074,0.3236555953662142,False,0.83,False,0
initial,200052,220,1.7335550999850966,6.431231028538537,0,False,False,False,0.1793436713357608,0.1793932077304913,False,0.83,False,0
initial,200053,220,1.7304962000343949,4.832734573897588,0,False,False,False,0.18354574957952888,0.1835941521954252,False,0.83,False,0
initial,200054,220,1.869635200011544,12.007948070719124,0,False,False,False,0.2820231374121721,0.2820546411024834,False,0.83,False,0
initial,200055,220,1.6999437999911606,10.124826006546945,0,False,False,False,0.2742785674812636,0.2743109606108,False,0.83,False,0
initial,200056,220,1.6789591999840923,9.837318865783937,0,False,False,False,0.15561137982294507,0.15566846842583984,False,0.83,False,0
initial,200057,220,1.697667200001888,19.75060146502047,0,False,False,False,0.1733340825029719,0.17338533585281335,False,0.83,False,0
initial,200058,220,1.739537300018128,4.402937924101143,0,False,False,False,0.31865433346752653,0.3186822159601621,False,0.83,False,0
initial,200059,220,1.7249929999816231,16.049831539142982,0,False,False,False,0.16445495193353718,0.16450897163105677,False,0.83,False,0
initial,200060,220,1.7153734999592416,4.5997293244664945,0,False,False,False,0.19475192839784813,0.19479754656136297,False,0.83,False,0
initial,200061,220,1.6934407000080682,4.730630422982138,0,False,False,False,0.3121444219589942,0.3121728859010027,False,0.83,False,0
initial,200062,220,1.6914392999606207,9.302935657944362,0,False,False,False,0.1551274106501778,0.15518467729345803,False,0.83,False,0
initial,200063,220,1.7833153000101447,9.588577144512595,0,False,False,False,0.29463596309087203,0.29466611830702816,False,0.83,False,0
initial,200064,220,1.7374571000109427,6.572666368851484,0,False,False,False,0.20081750738756815,0.20086174798851522,False,0.83,False,0
initial,200065,220,1.7199677000171505,11.847191855607054,0,False,False,False,0.1320815847340972,0.13214883865367988,False,0.83,False,0
initial,200066,220,1.785591599997133,15.693713490180812,0,False,False,False,0.2560695380832806,0.25610423437700225,False,0.83,False,0
initial,200067,220,1.7465511999907903,7.8250820621785975,0,False,False,False,0.2957891656664899,0.2958192033275122,False,0.83,False,0
initial,200068,220,1.7940772000001743,6.980672405318644,0,False,False,False,0.2914858440517342,0.2915163251246793,False,0.83,False,0
initial,200069,220,1.7701701000332832,5.977180250848077,0,False,False,False,0.2850296048901072,0.28506077631876403,False,0.83,False,0
initial,200070,220,1.7006317999912426,3.183976606475556,0,False,False,False,0.18233101142013733,0.18237973642139105,False,0.83,False,0
initial,200071,220,1.8661163999931887,6.196746318787691,0,False,False,False,0.19313826159926972,0.1931842608113657,False,0.83,False,0
initial,200072,220,1.7439668000442907,7.877964801919217,0,False,False,False,0.3143032045992747,0.31433147305514814,False,0.83,False,0
initial,200073,220,1.6958851999952458,10.770932917659366,0,False,False,False,0.1679093680083446,0.16796227670702582,False,0.83,False,0
initial,200074,220,1.7036270999815315,4.403205865908347,0,False,False,False,0.221380554140586,0.22142068621345826,False,0.83,False,0
initial,200075,220,1.8531039000372402,4.076126351873731,0,False,False,False,0.2023807472617465,0.20242464621154396,False,0.83,False,0
initial,200076,220,1.7329976999899372,8.874275659356321,0,False,False,False,0.30458679883424905,0.30461596897690885,False,0.83,False,0
initial,200077,220,1.7463221999933012,4.190626610696284,0,False,False,False,0.3295713184846722,0.329598277452069,False,0.83,False,0
initial,200078,220,1.7037386000156403,8.704406004369185,0,False,False,False,0.28792892935324926,0.28795978693240176,False,0.83,False,0
initial,200079,220,1.6897040999610908,10.498153713551778,0,False,False,False,0.2725683862103685,0.2726009825605374,False,0.83,False,0
initial,200080,220,1.6909067999804392,9.417899636971496,0,False,False,False,0.1275569760584874,0.12762661428100075,False,0.83,False,0
initial,200081,220,1.6848435999709181,8.931964318259803,0,False,False,False,0.1490035237130309,0.1490631430318896,False,0.83,False,0
initial,200082,220,1.7187343999976292,5.080671330905303,0,False,False,False,0.1836472394545335,0.18369561532850093,False,0.83,False,0
initial,200083,220,1.6994348000152968,9.308517513686546,0,False,False,False,0.3010140308325253,0.30104354716500786,False,0.83,False,0
initial,200084,220,1.7932199999922886,6.082026337371117,0,False,False,False,0.2978934039950205,0.29792322949945726,False,0.83,False,0
initial,200085,220,1.8841985000181012,6.7369695335035145,0,False,False,False,0.3147898440597777,0.3148180688188418,False,0.83,False,0
initial,200086,220,1.7051333999843337,9.931217160688334,0,False,False,False,0.29700651230633573,0.2970364268638097,False,0.83,False,0
initial,200087,220,1.7259822000050917,9.74565973583491,0,False,False,False,0.15578108700459067,0.15583811343820123,False,0.83,False,0
initial,200088,220,1.7323789999936707,9.688659801984095,0,False,False,False,0.1773673042918462,0.1774173925053634,False,0.83,False,0
initial,200089,220,1.7042115000076592,4.973092900321081,0,False,False,False,0.2952070305238738,0.2952371274117962,False,0.83,False,0
initial,200090,220,1.7044728000182658,6.58270790420239,0,False,False,False,0.20156286055980271,0.20160693760061008,False,0.83,False,0
initial,200091,220,1.694343100010883,15.257099114722395,0,False,False,False,0.1807500814931736,0.18079923255211763,False,0.83,False,0
initial,200092,220,1.7054346000077203,5.8545772439532815,0,False,False,False,0.1981400984608907,0.19818493673772808,False,0.83,False,0
initial,200093,220,1.7900594000238925,4.88408389494864,0,False,False,False,0.17375629009104784,0.1738074189378871,False,0.83,False,0
initial,200094,220,1.6995399000006728,10.479143858676764,0,False,False,False,0.18802620445420026,0.18807345398300776,False,0.83,False,0
initial,200095,220,1.8107678000233136,4.4564792430457185,0,False,False,False,0.1698435375716998,0.16989584393538062,False,0.83,False,0
initial,200096,220,1.7956696000183001,3.7632035021837065,0,False,False,False,0.19752174637694564,0.19756672499043015,False,0.83,False,0
initial,200097,220,1.6983164999983273,6.125010676021196,0,False,False,False,0.17251131791850163,0.1725628156400566,False,0.83,False,0
initial,200098,220,1.753370199992787,4.856362539242709,0,False,False,False,0.20246240223935405,0.20250628348813232,False,0.83,False,0
initial,200099,220,1.6910336000146344,9.270353807329116,0,False,False,False,0.19132622974648136,0.19137266450736687,False,0.83,False,0
scripted_reference,200000,96,0.733262800029479,111.54021134418439,6,True,False,False,0.007038045249848302,0.008210195313835553,False,0.9907277632277972,False,0
scripted_reference,200001,90,0.680016300000716,109.97196206046857,6,True,False,False,0.007992794744555094,0.009027709425461269,False,0.9913715987529997,False,0
scripted_reference,200002,91,0.6871607000357471,110.08982905339994,6,True,False,False,0.00855121076021082,0.00950628495339236,False,0.9912581682067063,False,0
scripted_reference,200003,91,0.6840490999747999,109.71971027134632,6,True,False,False,0.008025982858995084,0.00900655094104826,False,0.9912055274753454,False,0
scripted_reference,200004,96,0.7206846000044607,113.10010230627563,6,True,False,False,0.00922835987407078,0.010003770504625023,False,0.990997267566474,False,0
scripted_reference,200005,89,0.6713672999758273,108.02710542348406,6,True,False,False,0.006907858820172054,0.008308906645714932,False,0.9912918067385721,False,0
scripted_reference,200006,102,0.7669803000171669,122.402646777416,6,True,False,False,0.009966300655019916,0.010853427815200531,False,0.9911882198930719,False,0
scripted_reference,200007,105,0.7917658999795094,124.81756375819334,6,True,False,False,0.008683705633925554,0.009646263459721057,False,0.9911656356837266,False,0
scripted_reference,200008,107,0.8069005999714136,125.20026915308925,6,True,False,False,0.009681571755341942,0.010507222374947755,False,0.9911665011342476,False,0
scripted_reference,200009,90,0.6738301999866962,110.9959026654779,6,True,False,False,0.01023498422387424,0.011002440302296775,False,0.9915878959703576,False,0
scripted_reference,200010,94,0.704796299978625,112.3965729585182,6,True,False,False,0.0084627854799256,0.009414539735137024,False,0.9911249770861202,False,0
scripted_reference,200011,93,0.696625699987635,111.90633054746682,6,True,False,False,0.009071806420832884,0.009895581646672355,False,0.9911748977832807,False,0
scripted_reference,200012,101,0.760475300019607,117.19182448249703,6,True,False,False,0.008852903692004565,0.009696093397743815,False,0.9907860595696225,False,0
scripted_reference,200013,89,0.66943240002729,109.18560087292579,6,True,False,False,0.008606263861247408,0.009588689228641893,False,0.9914713555802491,False,0
scripted_reference,200014,103,0.7748872999800369,123.42409444372647,6,True,False,False,0.006927635142604905,0.008409746390448676,False,0.9911412304809375,False,0
scripted_reference,200015,104,0.7852907000342384,125.15749113152738,6,True,False,False,0.008504084370217779,0.009662167033990234,False,0.9912940424746078,False,0
scripted_reference,200016,101,0.7622721000225283,122.18093255294386,6,True,False,False,0.007068812287094759,0.008562037577198955,False,0.99115323216802,False,0
scripted_reference,200017,87,0.6530880999634974,108.45315205085532,6,True,False,False,0.009923281135385192,0.010688182736313685,False,0.9917759056500439,False,0
scripted_reference,200018,85,0.6443854999961331,105.58714788219856,6,True,False,False,0.007794199474187386,0.008994656677680669,False,0.9918396612659589,False,0
scripted_reference,200019,95,0.7108182999654673,111.57350910463919,6,True,False,False,0.008890210238013436,0.009672142105341766,False,0.9909961372389908,False,0
scripted_reference,200020,93,0.6948238000040874,110.58668887081193,6,True,False,False,0.008635454074813916,0.009499550192075502,False,0.9910347736174462,False,0
scripted_reference,200021,99,0.7411748000304215,121.74135611133052,6,True,False,False,0.011018105986678411,0.01179038846259931,False,0.9912769328097969,False,0
scripted_reference,200022,84,0.6281216999632306,105.49075767100733,6,True,False,False,0.008244880037573165,0.00937736191556323,False,0.9921530803405654,False,0
scripted_reference,200023,97,0.7274135000188835,114.89183400068062,6,True,False,False,0.00890590873899419,0.009774088615045255,False,0.9909479058307362,False,0
scripted_reference,200024,94,0.7129383000428788,111.24363588060255,6,True,False,False,0.007146207170665563,0.008361557128029919,False,0.990920054059359,False,0
scripted_reference,200025,97,0.7251385999843478,112.81821024941408,6,True,False,False,0.007291925120580263,0.008426145618192242,False,0.9907074716009956,False,0
scripted_reference,200026,88,0.6641035000211559,109.47157066288662,6,True,False,False,0.008519623755198887,0.00946541032939304,False,0.991693198223954,False,0
scripted_reference,200027,88,0.650779900024645,109.10653433401853,6,True,False,False,0.006986829354340329,0.008358811634406325,False,0.9916289776513275,False,0
scripted_reference,200028,92,0.6705234000110067,110.14952422188144,6,True,False,False,0.007554614371222369,0.008695320206073807,False,0.9910384332782722,False,0
scripted_reference,200029,109,0.8062254000105895,126.42503300455533,6,True,False,False,0.00838615974451828,0.009440724791625716,False,0.9912531265553701,False,0
scripted_reference,200030,83,0.6364031000412069,103.4573257708269,6,True,False,False,0.005759538004775083,0.00934199800819201,False,0.9916202445896086,False,0
scripted_reference,200031,85,0.6347791000152938,106.25678732804997,6,True,False,False,0.008791516887371507,0.009918292546754939,False,0.9923184118895934,False,0
scripted_reference,200032,98,0.7315876999637112,122.12100687888375,6,True,False,False,0.008886313468231254,0.009924321001174834,False,0.9912905468835598,False,0
scripted_reference,200033,106,0.7927411000127904,124.22229210682293,6,True,False,False,0.007645355472172498,0.008861327780619394,False,0.9911899972572706,False,0
scripted_reference,200034,91,0.6845027999952435,109.624568666954,6,True,False,False,0.007924936372884514,0.008951897109345013,False,0.9911518747622081,False,0
scripted_reference,200035,107,0.8088678999920376,124.61404296741894,6,True,False,False,0.007533386186569383,0.008757237415524515,False,0.9911819323388738,False,0
scripted_reference,200036,99,0.7443561999825761,115.15888236345717,6,True,False,False,0.009628467988792676,0.010374614401003956,False,0.9907935848995998,False,0
scripted_reference,200037,105,0.7845209999941289,123.79172842279041,6,True,False,False,0.008443140488982814,0.00950972514070078,False,0.9911341836803673,False,0
scripted_reference,200038,93,0.704580299963709,111.37273114419817,6,True,False,False,0.01028850382798164,0.010947276251637331,False,0.9911783403964601,False,0
scripted_reference,200039,89,0.6728833999950439,108.28002857593245,6,True,False,False,0.008045351840846095,0.009063563548516253,False,0.9913232713197935,False,0
scripted_reference,200040,107,0.8148298999876715,126.48768411974197,6,True,False,False,0.008419215930190436,0.009460814095622664,False,0.9912072472286186,False,0
scripted_reference,200041,94,0.7030397000489756,110.94845633208675,6,True,False,False,0.007809699253608705,0.008853022432555185,False,0.9908413235651639,False,0
scripted_reference,200042,86,0.6536410999833606,107.99900553164005,6,True,False,False,0.009153807073748176,0.010018168006428954,False,0.9918799071690638,False,0
scripted_reference,200043,106,0.7991902999929152,127.30588192123984,6,True,False,False,0.0068313506462109,0.008269074859982527,False,0.9912690872054151,False,0
scripted_reference,200044,109,0.8177738000522368,125.97265118092406,6,True,False,False,0.009126771430844078,0.009994585991349765,False,0.991205245434222,False,0
scripted_reference,200045,103,0.7757909999927506,125.3885961122227,6,True,False,False,0.006762923093936227,0.008309720252567952,False,0.991247373734288,False,0
scripted_reference,200046,110,0.8260064000496641,127.51818157009878,6,True,False,False,0.007697776256529087,0.00887551047154017,False,0.9912542596918932,False,0
scripted_reference,200047,103,0.7747923999559134,124.29292865430757,6,True,False,False,0.010634866763053454,0.011361183268992523,False,0.9911976529365818,False,0
scripted_reference,200048,93,0.6983730999636464,110.55514729063148,6,True,False,False,0.007565672222784194,0.008714333979108467,False,0.9910045324843596,False,0
scripted_reference,200049,99,0.7440870000282302,122.77208600784874,6,True,False,False,0.010291631283971692,0.011192252581418437,False,0.9914536812029295,False,0
scripted_reference,200050,102,0.7711562000331469,125.280056189961,6,True,False,False,0.007416672854333689,0.008717406020726917,False,0.9912831469608102,False,0
scripted_reference,200051,107,0.8271363999811001,127.12149670689641,6,True,False,False,0.010074541375950907,0.01090752334608804,False,0.9912569293552305,False,0
scripted_reference,200052,93,0.7199849000317045,111.77766389649213,6,True,False,False,0.008595434960623982,0.009553583668239165,False,0.9911664366423657,False,0
scripted_reference,200053,93,0.704948200029321,112.51900528229957,6,True,False,False,0.008052542943472575,0.00913004003338306,False,0.9912544780543487,False,0
scripted_reference,200054,100,0.7577286000014283,122.49547492382628,6,True,False,False,0.011215835470441691,0.011921303525206529,False,0.9912541410452035,False,0
scripted_reference,200055,100,0.7629173999885097,121.56086212131895,6,True,False,False,0.01032011788679966,0.01114501213482487,False,0.9912343179952385,False,0
scripted_reference,200056,86,0.6691382999997586,106.63908332490846,6,True,False,False,0.008556001074854156,0.009520666171710468,False,0.9917253330641328,False,0
scripted_reference,200057,87,0.6641494000214152,111.03287874619961,6,True,False,False,0.00819327366471417,0.009286535162085791,False,0.9920006764708718,False,0
scripted_reference,200058,107,0.8476603999733925,126.37365803841472,6,True,False,False,0.010041927805246731,0.010864857793523893,False,0.9912152146363149,False,0
scripted_reference,200059,86,0.6921714000054635,109.52443321933067,6,True,False,False,0.007666840023833323,0.008881041592941721,False,0.9920114740416129,False,0
scripted_reference,200060,95,0.711092000012286,112.15434175499762,6,True,False,False,0.008887618339201528,0.009717497889286315,False,0.9909828898340954,False,0
scripted_reference,200061,106,0.8012732999632135,124.97832450564563,6,True,False,False,0.009787436822623535,0.010650937939681896,False,0.9912080157947984,False,0
scripted_reference,200062,86,0.6528259000042453,106.80586419376367,6,True,False,False,0.007840369746511268,0.008977871878085396,False,0.9920210121016274,False,0
scripted_reference,200063,103,0.7760954999830574,125.83844928639226,6,True,False,False,0.008567849103107926,0.00965707184037421,False,0.9913701328672362,False,0
scripted_reference,200064,93,0.6970305999857374,112.0441194258221,6,True,False,False,0.0087824269959555,0.009642027513344505,False,0.9911893387417919,False,0
scripted_reference,200065,84,0.6778847000095993,105.92172292880579,6,True,False,False,0.0074375376960223154,0.008825443179507434,False,0.9924550337001963,False,0
scripted_reference,200066,98,0.7409789999946952,121.92401135797932,6,True,False,False,0.008889245478930892,0.010010547229233124,False,0.9912876922105145,False,0
scripted_reference,200067,103,0.7817380999913439,125.20920234346337,6,True,False,False,0.007305551184231671,0.008688907628553705,False,0.9913557357686702,False,0
scripted_reference,200068,103,0.7774818000034429,123.0734721701265,6,True,False,False,0.01040810318046577,0.011217948804393722,False,0.9911686059686767,False,0
scripted_reference,200069,103,0.835154699976556,121.97030664537075,6,True,False,False,0.008915600512624727,0.009892470385093383,False,0.9911068705163714,False,0
scripted_reference,200070,96,0.7250350999529473,112.63267813187544,6,True,False,False,0.0076182032203838315,0.008727159568989444,False,0.9907674256252902,False,0
scripted_reference,200071,93,0.6975413000327535,110.87637813303239,6,True,False,False,0.008950692663322742,0.00977609813933815,False,0.9910946888510913,False,0
scripted_reference,200072,105,0.793038500007242,126.10537830518172,6,True,False,False,0.010621453915762646,0.01136508572588974,False,0.9912633829221339,False,0
scripted_reference,200073,89,0.6699276999570429,110.2512533766357,6,True,False,False,0.006763557922844055,0.008201599355221583,False,0.9914631973023408,False,0
scripted_reference,200074,98,0.7394710999797098,115.00503253343636,6,True,False,False,0.008941807649517011,0.009755491156327976,False,0.9909429251995584,False,0
scripted_reference,200075,96,0.7240075999870896,113.44768473201283,6,True,False,False,0.008418696766413372,0.00931396077303168,False,0.9909009175945633,False,0
scripted_reference,200076,104,0.7800106999929994,126.80117738646662,6,True,False,False,0.007819752055068553,0.009032030448550481,False,0.9913515105958649,False,0
scripted_reference,200077,109,0.8285321000148542,127.63558320821521,6,True,False,False,0.009162436469549467,0.010046068629650183,False,0.9912235513768972,False,0
scripted_reference,200078,103,0.7968620999599807,126.0770184020146,6,True,False,False,0.008172800220614484,0.009406870622872007,False,0.9914845673231655,False,0
scripted_reference,200079,100,0.7525393000105396,121.59533251372207,6,True,False,False,0.00950322172026416,0.01040711698880837,False,0.9911809909603487,False,0
scripted_reference,200080,84,0.6317755000200123,104.70209316629214,6,True,False,False,0.0070983310057937945,0.008546638186635412,False,0.9920538023406407,False,0
scripted_reference,200081,87,0.6549841999658383,107.57357745894271,6,True,False,False,0.00804917113145756,0.009162251481437383,False,0.9916707231687676,False,0
scripted_reference,200082,94,0.7040708000422455,111.62898214500964,6,True,False,False,0.00788176278988996,0.008939203984470638,False,0.9909869521046558,False,0
scripted_reference,200083,102,0.7725698999711312,124.5066076407948,6,True,False,False,0.011009514823972603,0.011865058367650018,False,0.9915226200337004,False,0
scripted_reference,200084,104,0.7866374000441283,123.94375268931935,6,True,False,False,0.009834317120212963,0.010737852771544322,False,0.9912033132795979,False,0
scripted_reference,200085,105,0.7910499999998137,126.53211788690581,6,True,False,False,0.0101513598989148,0.011022395869735602,False,0.9913338519801966,False,0
scripted_reference,200086,102,0.7662863999721594,124.67232968948414,6,True,False,False,0.009334412207977044,0.010354103972749436,False,0.9915376161391395,False,0
scripted_reference,200087,86,0.6426532000186853,106.98095717218426,6,True,False,False,0.007846749464704957,0.008957767199200922,False,0.9918884909916262,False,0
scripted_reference,200088,91,0.6829268999863416,111.86443674878309,6,True,False,False,0.006552615738471342,0.00805817430208722,False,0.9913514008817202,False,0
scripted_reference,200089,105,0.7912442999659106,123.78809030999358,6,True,False,False,0.009628757146779654,0.010497032772272916,False,0.9911425013224496,False,0
scripted_reference,200090,94,0.7141020999988541,112.15765385145266,6,True,False,False,0.009590691118070784,0.010330407121350338,False,0.9911353811645318,False,0
scripted_reference,200091,88,0.6604767999961041,109.60714624233225,6,True,False,False,0.010258036538689263,0.010951980022957466,False,0.9917474779168838,False,0
scripted_reference,200092,94,0.7017585000139661,112.07236877898382,6,True,False,False,0.009004506009563476,0.009836839419199378,False,0.9910288410394925,False,0
scripted_reference,200093,91,0.6885138000361621,108.3360446232733,6,True,False,False,0.007296452773381261,0.00846703394423124,False,0.9910274780532825,False,0
scripted_reference,200094,90,0.6783964000060223,111.07366522535314,6,True,False,False,0.009343232709988521,0.010158418344968553,False,0.991594372068134,False,0
scripted_reference,200095,92,0.6877500000409782,110.43162698065181,6,True,False,False,0.007224704961711115,0.00842109835062292,False,0.991075200883598,False,0
scripted_reference,200096,95,0.7109208999900147,111.07696884076888,6,True,False,False,0.007154173810314518,0.008309154409312007,False,0.9908540354492725,False,0
scripted_reference,200097,91,0.6831346999970265,110.31336345215666,6,True,False,False,0.007637632758225492,0.008736095066995925,False,0.991245744951688,False,0
scripted_reference,200098,95,0.7167153000482358,112.05325822316733,6,True,False,False,0.008671911868967694,0.00951520318329853,False,0.9909483942883768,False,0
scripted_reference,200099,91,0.6863895999849774,110.61583301299025,6,True,False,False,0.010486202741788238,0.011196157862437734,False,0.9913821385715593,False,0
bc_initial,200000,220,1.880059999995865,272.7937384779086,4,False,False,False,0.0678506894596821,0.18331504304548868,False,0.9952958864641631,False,0
bc_initial,200001,92,0.7735340000363067,111.46557081665495,6,True,False,False,0.009190149535135719,0.009830197103318295,False,0.9912323359974016,False,0
bc_initial,200002,220,1.7822018000297248,260.5109090192861,4,False,False,False,0.0910729007503906,0.18995824679020235,False,0.9960360035800724,False,0
bc_initial,200003,94,0.7578986000153236,114.19894298015812,6,True,False,False,0.008712079070174713,0.00913645180588034,False,0.9936819918222527,False,0
bc_initial,200004,97,0.9765082999947481,113.8872250624483,6,True,False,False,0.007899203566236268,0.008564601955310207,False,0.9915607707525593,False,0
bc_initial,200005,220,1.9103267999598756,271.2807952400364,4,False,False,False,0.07609102021871658,0.1825212299964249,False,0.9935526883611026,False,0
bc_initial,200006,105,0.9336427000234835,125.53465809870931,6,True,False,False,0.007255979924367212,0.007869134062555523,False,0.9934392628901729,False,0
bc_initial,200007,103,0.8393307000515051,122.11499573754365,6,True,False,False,0.008872376209201534,0.009551470512449272,False,0.9927106743979435,False,0
bc_initial,200008,105,0.8387494000489824,122.24722058066591,6,True,False,False,0.009587707054435094,0.010075035684703543,False,0.9955110342570018,False,0
bc_initial,200009,90,0.7200483999913558,110.5904297962273,6,True,False,False,0.009924445509742098,0.01057804047766077,False,0.9915189838077701,False,0
bc_initial,200010,220,1.9091523000388406,278.96998954229383,4,False,False,False,0.0666856339537842,0.1795779353229018,False,0.9917371016871116,False,0
bc_initial,200011,95,0.7665300999651663,113.65629777982842,6,True,False,False,0.008559111590004326,0.009302640655747622,False,0.9930523927348109,False,0
bc_initial,200012,220,1.9375911999959499,271.4169051116811,4,False,False,False,0.0681348521369587,0.1841530439565479,False,0.996141959638137,False,0
bc_initial,200013,91,0.7809258000343107,111.2456192404439,6,True,False,False,0.008648591772591705,0.009056785203015331,False,0.9907334936991979,False,0
bc_initial,200014,105,0.8575213000294752,126.52427181952069,6,True,False,False,0.006852421407246948,0.007601724744592774,False,0.9930205677603164,False,0
bc_initial,200015,105,0.8406488000182435,126.96733563621869,6,True,False,False,0.010630354978452612,0.011093957225984703,False,0.9914608923867434,False,0
bc_initial,200016,104,0.8371870999690145,126.464876880944,6,True,False,False,0.007964906722420667,0.008627376062399543,False,0.9926433994344241,False,0
bc_initial,200017,89,0.7159619999583811,110.52777248890867,6,True,False,False,0.008958733606014478,0.00927460968252847,False,0.9885753757238915,False,0
bc_initial,200018,88,0.7270243000239134,108.95608014361821,6,True,False,False,0.009126902231016166,0.009445294560592028,False,0.9871580596796846,False,0
bc_initial,200019,97,0.8514144000364468,114.24724587302683,6,True,False,False,0.00864175125285794,0.009376543575988388,False,0.9953145383220382,False,0
bc_initial,200020,95,0.7578296000137925,112.07792064401862,6,True,False,False,0.009085041972682418,0.00975899079682943,False,0.9909850910523129,False,0
bc_initial,200021,100,0.8048435000237077,123.34904143951952,6,True,False,False,0.007770970355091189,0.008350324720797808,False,0.9864032210277502,False,0
bc_initial,200022,85,0.6851157000055537,107.03598457440488,6,True,False,False,0.0075341686257903735,0.008138655538527217,False,0.9882746667459866,False,0
bc_initial,200023,220,1.8126062999945134,270.29302881127114,4,False,False,False,0.06991839320429726,0.17803594635424663,False,1.0017887132378367,False,0
bc_initial,200024,220,1.8541867999592796,255.4648595385605,4,False,False,False,0.09553461821076749,0.19629189044869574,False,0.9987999789144292,False,0
bc_initial,200025,220,1.8925763000152074,263.9813278248893,4,False,False,False,0.07489673436572977,0.18241520325180116,False,1.0023563502598178,False,0
bc_initial,200026,88,0.7276044999598525,109.65553891613845,6,True,False,False,0.0074445335117670165,0.008022355666551757,False,0.9898832862872502,False,0
bc_initial,200027,88,0.7848013000329956,108.61147892041713,6,True,False,False,0.011257372665832825,0.011736250114828284,False,0.989828088761572,False,0
bc_initial,200028,95,0.7650999000179581,113.23041099095538,6,True,False,False,0.00968377398424708,0.010379310641673247,False,0.9908328572475362,False,0
bc_initial,200029,112,0.9200847999891266,130.53315786538482,6,True,False,False,0.005756405073505204,0.006451762488864327,False,0.9957311710790605,False,0
bc_initial,200030,87,0.7109954000334255,108.18354442800808,6,True,False,False,0.011752593904390167,0.013213175806529327,False,0.9901085921784917,False,0
bc_initial,200031,86,0.6859085000469349,108.06102317667344,6,True,False,False,0.006387933017232875,0.007173346695475245,False,0.9872937779423918,False,0
bc_initial,200032,100,0.8024707000004128,122.96905582829089,6,True,False,False,0.009337521595857191,0.010113054677364673,False,0.9893409713345832,False,0
bc_initial,200033,106,0.8489259000052698,124.70377586761279,6,True,False,False,0.007985949390072232,0.008636913647667586,False,0.9945064500939342,False,0
bc_initial,200034,94,0.7768710000091232,112.91678155547507,6,True,False,False,0.009362077143093226,0.010035572073839321,False,0.9900656103989298,False,0
bc_initial,200035,106,0.8526631999993697,124.26502570395803,6,True,False,False,0.0085533684941828,0.009112820474566992,False,0.9968488939761441,False,0
bc_initial,200036,220,1.9176012999960221,274.2118381002191,4,False,False,False,0.0654346021151257,0.18295396152618554,False,0.996149280409739,False,0
bc_initial,200037,107,0.8637815999682061,126.89752694069601,6,True,False,False,0.006568020503048529,0.00724838784494161,False,0.9949380588702713,False,0
bc_initial,200038,95,0.8089432999840938,113.38609659054458,6,True,False,False,0.00956750925540508,0.01018993188133893,False,0.9910849951933287,False,0
bc_initial,200039,92,0.7481280000065453,111.09504949308956,6,True,False,False,0.008419167919286442,0.0087788977109951,False,0.9910039406789918,False,0
bc_initial,200040,106,0.8721364000230096,125.66189522718041,6,True,False,False,0.008819273509660802,0.009282491087060599,False,0.9935183023314871,False,0
bc_initial,200041,220,1.8513196000130847,267.0888152104648,4,False,False,False,0.07319349908639508,0.1834009831962632,False,1.0017611738537098,False,0
bc_initial,200042,89,0.8939334999886341,111.1772536748023,6,True,False,False,0.009597276126267481,0.009903671499359957,False,0.9868905448059526,False,0
bc_initial,200043,105,0.920309399953112,126.82408656347144,6,True,False,False,0.00865706069724128,0.00919774094813351,False,0.9908748343288384,False,0
bc_initial,200044,108,0.8770974000217393,124.59297481335233,6,True,False,False,0.01055073793747899,0.011550078005986373,False,0.9990580523567653,False,0
bc_initial,200045,104,0.8653947000275366,127.33014479020903,6,True,False,False,0.007462950876391142,0.008140066522321208,False,0.9898056194771719,False,0
bc_initial,200046,113,0.9144450000021607,132.060555465024,6,True,False,False,0.0038211763761023102,0.004794820213389893,False,0.9952439485990611,False,0
bc_initial,200047,102,0.8199128999840468,122.82816644016657,6,True,False,False,0.008310198999201575,0.00890326739104006,False,0.990234658764204,False,0
bc_initial,200048,220,1.8281024000025354,254.84095373913073,4,False,False,False,0.09369318427090546,0.19603473117576742,False,1.001119970346962,False,0
bc_initial,200049,101,0.8287745000561699,125.78389683961994,6,True,False,False,0.010045870015695154,0.010567594876403113,False,0.9874876864070138,False,0
bc_initial,200050,101,0.8203151000197977,124.65274501813455,6,True,False,False,0.00972672899904758,0.010192174753966313,False,0.9881582859087339,False,0
bc_initial,200051,108,0.8875070999492891,127.94092004002422,6,True,False,False,0.006702289762074198,0.0071235626677853756,False,0.9905783721273776,False,0
bc_initial,200052,94,0.7614603000110947,112.57423802829297,6,True,False,False,0.00980088668161547,0.010414292966659697,False,0.9913654743986536,False,0
bc_initial,200053,220,1.789578799973242,272.1212087544228,4,False,False,False,0.07188476741511514,0.17616404520055784,False,0.996651732398264,False,0
bc_initial,200054,103,0.8466866000089794,125.14428039014253,6,True,False,False,0.007738209445160653,0.008342267926025045,False,0.9895050819356329,False,0
bc_initial,200055,103,0.8727709999657236,125.17950386616435,6,True,False,False,0.009647302856050841,0.010348048491278404,False,0.9911193547385525,False,0
bc_initial,200056,89,0.7112894000019878,110.26684663240307,6,True,False,False,0.010583961480502434,0.011132701198114266,False,0.988302398040508,False,0
bc_initial,200057,90,0.7614315000246279,113.74778571499641,6,True,False,False,0.009023445548204024,0.009451231961457921,False,0.9882222862739193,False,0
bc_initial,200058,106,0.8876741999993101,124.92602237333705,6,True,False,False,0.011088158018526788,0.011544986105684404,False,0.9939750873230737,False,0
bc_initial,200059,86,0.6993724000058137,108.43442573031372,6,True,False,False,0.009073918079900637,0.009732184374615576,False,0.9868713210849231,False,0
bc_initial,200060,220,1.920156699954532,278.067833900595,4,False,False,False,0.0660499874719146,0.18098169095220684,False,0.9934985804536051,False,0
bc_initial,200061,108,0.8909797000233084,127.25462256652071,6,True,False,False,0.007452084996663302,0.007957063088119718,False,0.9935047030107161,False,0
bc_initial,200062,220,1.9729591999785043,264.0198501566314,4,False,False,False,0.09308683030892737,0.1874606514484693,False,0.9901587842753075,False,0
bc_initial,200063,103,0.8492207999806851,126.61015566425792,6,True,False,False,0.008751062804511813,0.009226889593166736,False,0.9876845405874239,False,0
bc_initial,200064,94,0.7989570000208914,111.92196511641292,6,True,False,False,0.009143772685490489,0.009737765182794384,False,0.9898690785896402,False,0
bc_initial,200065,86,0.7471700999885798,108.63458776459764,6,True,False,False,0.007926718440611,0.008285860789206094,False,0.9853972219772474,False,0
bc_initial,200066,98,0.7922568999929354,120.98478090280929,6,True,False,False,0.011623501044767469,0.01212846010010038,False,0.9865429497281633,False,0
bc_initial,200067,104,0.9707521999953315,126.4337707915537,6,True,False,False,0.01126783722477206,0.011805724549912232,False,0.9904162971933783,False,0
bc_initial,200068,103,0.8293429000186734,123.08273925203676,6,True,False,False,0.010353325010464735,0.010869076039742935,False,0.9909135648637692,False,0
bc_initial,200069,103,0.8857211999711581,122.37479853115634,6,True,False,False,0.006836673193683936,0.0074373130299228655,False,0.9941112682665626,False,0
bc_initial,200070,220,1.8723848999943584,276.4568518351474,4,False,False,False,0.06447184355311059,0.1861712598043032,False,0.9996514224562302,False,0
bc_initial,200071,94,0.7557379000354558,111.22966257780223,6,True,False,False,0.007374998076841761,0.007660558354697199,False,0.9927202281953624,False,0
bc_initial,200072,106,0.854925399995409,126.85115077347018,6,True,False,False,0.005792752773182277,0.006297917790945749,False,0.9893537000898172,False,0
bc_initial,200073,92,0.7890309000504203,113.1469235189047,6,True,False,False,0.008237155692215415,0.008919260897483797,False,0.9892107098814293,False,0
bc_initial,200074,220,1.8214777000248432,257.2340896076476,4,False,False,False,0.08927443799114242,0.18800586118391996,False,1.0005257540570185,False,0
bc_initial,200075,97,0.8348246000241488,113.91636580309059,6,True,False,False,0.00812666786635,0.008863932307695737,False,0.99462110367801,False,0
bc_initial,200076,104,0.9056928000063635,126.70031341102455,6,True,False,False,0.00920219899333538,0.010105996624140348,False,0.9889030056118443,False,0
bc_initial,200077,107,0.9002327999914996,126.41484011106755,6,True,False,False,0.007234406585011373,0.007783799745128452,False,0.9961488315278851,False,0
bc_initial,200078,105,0.8559227000223473,127.43200102010513,6,True,False,False,0.008213962252498415,0.009126864467990948,False,0.9899000215647981,False,0
bc_initial,200079,104,0.8421684000059031,126.86827583039653,6,True,False,False,0.008647952402458501,0.00924396176670052,False,0.9913722281180769,False,0
bc_initial,200080,86,0.769152800028678,107.87467785372237,6,True,False,False,0.00987266461868031,0.010374594614635173,False,0.9904951973613145,False,0
bc_initial,200081,88,0.712961399985943,108.25920331273396,6,True,False,False,0.009738130924431623,0.010337268963924567,False,0.9886462631589964,False,0
bc_initial,200082,95,0.8547987000201829,112.016097271337,6,True,False,False,0.009200580507177878,0.00984996722705047,False,0.9917826086738731,False,0
bc_initial,200083,103,1.0975463999784552,126.5396010494462,6,True,False,False,0.009561798907922352,0.010023954834511038,False,0.9869942657424975,False,0
bc_initial,200084,105,0.890111299988348,125.65985513469333,6,True,False,False,0.008446279050125252,0.008915671828370574,False,0.9907544064754858,False,0
bc_initial,200085,105,0.8431477999547496,127.15219232163939,6,True,False,False,0.010187691292885303,0.010667076930971001,False,0.9917232619133404,False,0
bc_initial,200086,104,0.8654144000029191,127.10437835953834,6,True,False,False,0.007830260017850244,0.008453936410288257,False,0.9881361130240778,False,0
bc_initial,200087,87,0.6982520999736153,108.39982046519617,6,True,False,False,0.00921039686975688,0.009812371271007633,False,0.9894759411820903,False,0
bc_initial,200088,90,0.7171767999534495,109.91058976071771,6,True,False,False,0.01062839843542432,0.011159908425734789,False,0.9917660970697451,False,0
bc_initial,200089,107,0.857027999998536,126.45497306292629,6,True,False,False,0.007613801657500492,0.00819775576000435,False,0.9965716163597254,False,0
bc_initial,200090,95,0.7663755000103265,113.25502301276204,6,True,False,False,0.009316142701966222,0.009918520713754354,False,0.9912583820593309,False,0
bc_initial,200091,91,0.7335383999743499,113.40972539646242,6,True,False,False,0.008656732534419264,0.00904147624316792,False,0.9894310787697258,False,0
bc_initial,200092,96,0.8690378000028431,113.66095480821741,6,True,False,False,0.008718815622220589,0.009391476814194916,False,0.991578253606572,False,0
bc_initial,200093,95,0.7570531999808736,113.23286857276636,6,True,False,False,0.011010500776304982,0.01155966423528785,False,0.9980119920725139,False,0
bc_initial,200094,90,0.739583499962464,110.79757833600567,6,True,False,False,0.004707693488770006,0.0055796537470723,False,0.9903327773847586,False,0
bc_initial,200095,220,1.768949999997858,269.47513995994944,4,False,False,False,0.07572061884926304,0.18196154158717745,False,0.9965823729509238,False,0
bc_initial,200096,220,1.770999300002586,252.29155921044787,4,False,False,False,0.09801298677848183,0.19721889500871828,False,1.0005521636857755,False,0
bc_initial,200097,92,0.7412301999866031,110.88416063337112,6,True,False,False,0.00912102381678434,0.009786495087155317,False,0.9917918627334085,False,0
bc_initial,200098,97,0.8810716000152752,114.65138625824295,6,True,False,False,0.008749377537685935,0.009376128778278007,False,0.9923773502386609,False,0
bc_initial,200099,93,0.7659748999867588,113.85351826432411,6,True,False,False,0.006884490325384294,0.0074836689001896994,False,0.9931105091370391,False,0
ppo_selected,200000,220,1.9122956999926828,272.0718855654381,4,False,False,False,0.06857851708641662,0.18755081963103595,False,0.9995631603131125,False,0
ppo_selected,200001,91,0.8004477999638766,110.9491548602909,6,True,False,False,0.008029498329977269,0.008518367912983518,False,0.9887960811957726,False,0
ppo_selected,200002,220,1.8425658000051044,258.9256569287802,4,False,False,False,0.09330506484800956,0.18734910285439674,False,0.9952566772426021,False,0
ppo_selected,200003,94,0.7451425999752246,113.42137968633992,6,True,False,False,0.0101168507575381,0.010612641944229452,False,0.9961186097801257,False,0
ppo_selected,200004,97,0.7770941000198945,113.70286033804868,6,True,False,False,0.006415504480131369,0.007291717401994699,False,0.9932544939293689,False,0
ppo_selected,200005,220,1.9884371000225656,269.49322142632855,4,False,False,False,0.07757159050811342,0.1841437263655921,False,0.9959092205398118,False,0
ppo_selected,200006,104,0.8352609000285156,125.08745901244473,6,True,False,False,0.004989982492461268,0.006040692873224805,False,0.9930796475777189,False,0
ppo_selected,200007,104,0.8337682000128552,124.04665437801017,6,True,False,False,0.006940129690599354,0.007893460405677517,False,0.9961666876223145,False,0
ppo_selected,200008,106,0.8447296000085771,124.1862818772112,6,True,False,False,0.007003576355528244,0.007700156862422661,False,0.9991135646079665,False,0
ppo_selected,200009,89,0.8155326999840327,109.006542015168,6,True,False,False,0.0065791703963462705,0.006944118886606268,False,0.9909742600885157,False,0
ppo_selected,200010,220,1.8119711999897845,278.886689984448,4,False,False,False,0.06712452204157637,0.17762799391159473,False,0.9894566896229747,False,0
ppo_selected,200011,94,0.8056933000334539,112.30675631073888,6,True,False,False,0.00746519684613926,0.008447976026164266,False,0.9936926298026876,False,0
ppo_selected,200012,220,1.871532599965576,271.5805936407116,4,False,False,False,0.06824624870969177,0.18190893732605018,False,0.9945605893058016,False,0
ppo_selected,200013,90,0.7188793999957852,110.14886323089794,6,True,False,False,0.007771719669478212,0.008421344544237083,False,0.9891169655872896,False,0
ppo_selected,200014,103,0.8722625999944285,123.42410239586204,6,True,False,False,0.0062168614537803524,0.007349970141924523,False,0.9928091915364099,False,0
ppo_selected,200015,103,0.8738254000199959,123.82259359102372,6,True,False,False,0.00609381558316071,0.006450402134320428,False,0.9922352171557219,False,0
ppo_selected,200016,102,0.8446458000107668,123.445085855329,6,True,False,False,0.007006166333273575,0.008168916560326618,False,0.9924605783141202,False,0
ppo_selected,200017,89,0.8456771999481134,111.38991277525095,6,True,False,False,0.007699269191204799,0.008320607740869526,False,0.9867352281116564,False,0
ppo_selected,200018,87,0.7519130999571644,107.84309336952197,6,True,False,False,0.008556421120773787,0.009057399974075793,False,0.9852345802908176,False,0
ppo_selected,200019,95,0.7616241000359878,110.49353075206207,6,True,False,False,0.007522192040872752,0.007909832087320198,False,0.9940427460635652,False,0
ppo_selected,200020,95,0.7863428000127897,112.74517194789851,6,True,False,False,0.006247570833365053,0.006899156009301292,False,0.9895686635929419,False,0
ppo_selected,200021,97,0.7904465000028722,118.27857899796906,6,True,False,False,0.004511471633075852,0.005150007176749824,False,0.9868571066327345,False,0
ppo_selected,200022,84,0.7022576999734156,105.07502136406592,6,True,False,False,0.006481885517715551,0.006687016906737459,False,0.9872573775882222,False,0
ppo_selected,200023,220,1.8020351000013761,268.9796456240335,4,False,False,False,0.07105871398721719,0.17417901526801696,False,1.0008816694621954,False,0
ppo_selected,200024,220,1.8560224000248127,254.39761425073942,4,False,False,False,0.09741979219681621,0.1935972231948127,False,0.9982101049723932,False,0
ppo_selected,200025,220,1.8283152999938466,262.7824520659013,4,False,False,False,0.07625862401360196,0.17912495115270194,False,1.001899223116853,False,0
ppo_selected,200026,86,0.8352492999983951,106.128400644206,6,True,False,False,0.008286765173293806,0.0088139462135453,False,0.9893101374752481,False,0
ppo_selected,200027,88,0.7000253000296652,108.9344272723606,6,True,False,False,0.010000952958907286,0.010481454070905631,False,0.9894488345644821,False,0
ppo_selected,200028,94,0.7591456000227481,111.95706550659492,6,True,False,False,0.0073011652064648045,0.007919462179307028,False,0.9894631847370279,False,0
ppo_selected,200029,112,0.9889064999879338,130.27986454412547,6,True,False,False,0.005065784850853767,0.006285137394722606,False,0.9991942769269724,False,0
ppo_selected,200030,87,0.794643500004895,108.72222047105701,6,True,False,False,0.010633631596375901,0.011660563404719234,False,0.988488857912291,False,0
ppo_selected,200031,85,0.6812884000246413,106.29918041204424,6,True,False,False,0.005563459039637497,0.0058275333679267466,False,0.9862124952701757,False,0
ppo_selected,200032,100,0.82274299999699,124.44255311581442,6,True,False,False,0.006945283904451394,0.007960956171812698,False,0.9884758627786039,False,0
ppo_selected,200033,106,0.8556989000062458,124.55441863757898,6,True,False,False,0.007673344624339367,0.008421834457810855,False,0.9980863842239485,False,0
ppo_selected,200034,93,0.771514100022614,111.65384574702155,6,True,False,False,0.0070191782812941686,0.007585528294563394,False,0.9884482964600991,False,0
ppo_selected,200035,106,0.8772336000110954,124.07194582666331,6,True,False,False,0.008264550045891992,0.008949168456155636,False,1.000550374417249,False,0
ppo_selected,200036,220,1.8054548000218347,274.38672053713947,4,False,False,False,0.06556029543667018,0.18059309051617087,False,0.9946384202284613,False,0
ppo_selected,200037,105,0.8684808000107296,123.74534025560627,6,True,False,False,0.006144760398886275,0.0075537665527593825,False,0.9972387659764493,False,0
ppo_selected,200038,94,0.8295231999945827,113.2511865948165,6,True,False,False,0.006027025197774121,0.006561871821732483,False,0.988830844533975,False,0
ppo_selected,200039,92,0.7773021000321023,111.79589421604742,6,True,False,False,0.007856091581938129,0.008522592224472594,False,0.9894642140809348,False,0
ppo_selected,200040,105,0.8456233000033535,124.44010376063012,6,True,False,False,0.00749052830616299,0.008014579715570702,False,0.9943804264453979,False,0
ppo_selected,200041,220,1.833272100018803,265.82200546625137,4,False,False,False,0.074603747034423,0.1800632665725433,False,1.0010281310058298,False,0
ppo_selected,200042,89,0.715109399985522,112.13361460050088,6,True,False,False,0.008406250790514111,0.008950890674058394,False,0.9850679244622386,False,0
ppo_selected,200043,103,0.8250403000274673,123.58997737403094,6,True,False,False,0.008106420463965631,0.008657207165391598,False,0.9917742098800917,False,0
ppo_selected,200044,107,0.8984772999538109,123.68262076330171,6,True,False,False,0.006180967657623366,0.006964794069193862,False,0.999631264696159,False,0
ppo_selected,200045,102,0.8240357000031509,124.09235500583235,6,True,False,False,0.008089206655716325,0.009162523732640463,False,0.9892019300302755,False,0
ppo_selected,200046,111,0.9038619000348262,128.82576646944818,6,True,False,False,0.00367585377299415,0.004833078919985634,False,0.9950451770525236,False,0
ppo_selected,200047,100,0.8026947000180371,119.79374178605129,6,True,False,False,0.0035141967949332393,0.004129141812405518,False,0.9908746068720056,False,0
ppo_selected,200048,220,1.9193823000532575,253.5730498402626,4,False,False,False,0.0956218860748002,0.1932192831382644,False,1.0001892704799629,False,0
ppo_selected,200049,99,0.8674198999651708,123.1982528176604,6,True,False,False,0.006856820316743302,0.007637693051627046,False,0.9873338680011909,False,0
ppo_selected,200050,99,0.8216148999636061,121.39526901901633,6,True,False,False,0.008836375588951003,0.009299110912989992,False,0.9889890126168825,False,0
ppo_selected,200051,107,0.8495725999819115,127.29946204872564,6,True,False,False,0.006113947852627329,0.006941741791977198,False,0.9906526627442201,False,0
ppo_selected,200052,94,0.7474711000104435,113.20607275438792,6,True,False,False,0.006695137297542787,0.007348841042604825,False,0.9900246240157805,False,0
ppo_selected,200053,220,1.814491699973587,270.68467344051857,4,False,False,False,0.07299811768158136,0.17239342426174337,False,0.995566178029171,False,0
ppo_selected,200054,102,0.8214957999880426,124.78471792721265,6,True,False,False,0.005575532195021341,0.006511512153090792,False,0.9890631985390121,False,0
ppo_selected,200055,103,0.8480348000302911,126.72838858710904,6,True,False,False,0.006026183664101643,0.006694991021950855,False,0.9910457419917715,False,0
ppo_selected,200056,88,0.762394699966535,108.94957422883908,6,True,False,False,0.008499737591618624,0.008941764153021954,False,0.9864614400990538,False,0
ppo_selected,200057,90,0.7793781999498606,114.6435572665759,6,True,False,False,0.00846423028301219,0.009108446718961665,False,0.9861675779695848,False,0
ppo_selected,200058,106,0.9805556000210345,125.13545014229076,6,True,False,False,0.007753938693836577,0.00848639793482156,False,0.997567576846936,False,0
ppo_selected,200059,85,0.694595200009644,106.68083507629514,6,True,False,False,0.006744639358473456,0.007086543917679905,False,0.9862966186355078,False,0
ppo_selected,200060,96,0.775146699976176,113.0029776052531,6,True,False,False,0.005718535540616194,0.006180661934259288,False,0.9909348848889532,False,0
ppo_selected,200061,108,0.909426300029736,128.67379899720387,6,True,False,False,0.004851045494150753,0.00555362320089367,False,0.9935837640967028,False,0
ppo_selected,200062,220,1.8347747000516392,262.50504437541986,4,False,False,False,0.09515489275431435,0.18485643264517895,False,0.9889987323645085,False,0
ppo_selected,200063,101,0.8120105999987572,123.67598323827947,6,True,False,False,0.007221905242043995,0.00783915675117586,False,0.98830180721367,False,0
ppo_selected,200064,94,0.7502296000020579,112.64755648716566,6,True,False,False,0.006770058817723344,0.007283683462098374,False,0.9881497813048139,False,0
ppo_selected,200065,85,0.6883885999559425,107.4896937654698,6,True,False,False,0.00833705097400035,0.008799891079602173,False,0.9831314558756197,False,0
ppo_selected,200066,97,0.7864791000029072,119.98505022445818,6,True,False,False,0.007973430750713186,0.008494087508478021,False,0.9871426545729816,False,0
ppo_selected,200067,103,0.8688741000369191,125.47958859225561,6,True,False,False,0.00961032976431855,0.010366387993017574,False,0.9923003705043189,False,0
ppo_selected,200068,101,0.8078329000272788,119.98031023649338,6,True,False,False,0.005251194899615156,0.005599678824674667,False,0.9915739706060748,False,0
ppo_selected,200069,103,1.0096982000395656,122.12287763636502,6,True,False,False,0.007368280648171442,0.008049112452024986,False,0.9975770075349499,False,0
ppo_selected,200070,220,1.8538799999514595,276.46227398031823,4,False,False,False,0.06511454437692676,0.1845170965614592,False,0.9976460397288512,False,0
ppo_selected,200071,95,0.7974955000099726,112.94384266244117,6,True,False,False,0.006574890774892431,0.007582202492354594,False,0.9943985312088863,False,0
ppo_selected,200072,104,0.9225384999881499,124.03965531910386,6,True,False,False,0.005352201195287735,0.00595848448709491,False,0.9890298794925845,False,0
ppo_selected,200073,92,0.734387600037735,113.4989161088185,6,True,False,False,0.007783035972297748,0.008485996553580611,False,0.9876107896789877,False,0
ppo_selected,200074,220,1.8830500000040047,255.99268495388787,4,False,False,False,0.09091961514699802,0.18469617601371183,False,0.9997135466295386,False,0
ppo_selected,200075,98,0.8767280000029132,115.34491745179847,6,True,False,False,0.007059953000222998,0.008237271244186058,False,0.9966123863068271,False,0
ppo_selected,200076,103,0.8187432999839075,125.78900477124868,6,True,False,False,0.006599932313140633,0.007382069929546126,False,0.9883253006283862,False,0
ppo_selected,200077,106,0.9049295999575406,124.43497180225917,6,True,False,False,0.006943848466156326,0.007777999498873929,False,0.9998307850224352,False,0
ppo_selected,200078,105,0.8919501000200398,128.95544458949027,6,True,False,False,0.004731779941643947,0.005517152169076987,False,0.9881957819278094,False,0
ppo_selected,200079,103,0.8714653000351973,126.09579594846278,6,True,False,False,0.006328777282515413,0.006996495539224092,False,0.9912721231572624,False,0
ppo_selected,200080,220,1.8465557000017725,262.64493489568696,4,False,False,False,0.0959335444983435,0.19005658916364201,False,0.989465210658087,False,0
ppo_selected,200081,88,0.7421599000226706,108.69442662855094,6,True,False,False,0.008054845477362117,0.008586374662859678,False,0.9868240534595563,False,0
ppo_selected,200082,95,0.8614127000328153,112.59845311849224,6,True,False,False,0.006555596725390387,0.007221097686287528,False,0.9905932117797452,False,0
ppo_selected,200083,100,0.8081802999950014,122.29396010390778,6,True,False,False,0.0049788599644562965,0.005799711841813604,False,0.9874056636571207,False,0
ppo_selected,200084,104,0.8308171999524347,123.90278880082128,6,True,False,False,0.007750564689383165,0.008390994652726936,False,0.9940305786722595,False,0
ppo_selected,200085,103,0.821647499979008,124.4616759889376,6,True,False,False,0.0067151849739993386,0.0073592102298948355,False,0.9924477146550116,False,0
ppo_selected,200086,103,0.8410551000270061,126.69168931416482,6,True,False,False,0.006201670340685516,0.007076471321420573,False,0.9862088115828147,False,0
ppo_selected,200087,85,0.6772572000045329,104.68252464676027,6,True,False,False,0.0075306042996763104,0.007776900161326843,False,0.9885923875043677,False,0
ppo_selected,200088,88,0.7031113000120968,106.0164481446691,6,True,False,False,0.008634419753327193,0.008903152668754612,False,0.9915168447468508,False,0
ppo_selected,200089,107,0.8563462999882177,127.42930239867474,6,True,False,False,0.004803997596337734,0.0055669564850230405,False,0.9964359906503221,False,0
ppo_selected,200090,95,0.8798730999697,113.99982963182768,6,True,False,False,0.005823125697531958,0.006446413884073595,False,0.9898245733932312,False,0
ppo_selected,200091,90,0.7258165000239387,112.17900655493489,6,True,False,False,0.008386711132585515,0.008530269961784366,False,0.9874778704013908,False,0
ppo_selected,200092,95,0.9135971000068821,112.48417044764152,6,True,False,False,0.00623038277120595,0.00685803778414969,False,0.9902653225420305,False,0
ppo_selected,200093,94,0.7906587999896146,111.59025499000242,6,True,False,False,0.011318093667810234,0.011872981977372637,False,0.9974618242121445,False,0
ppo_selected,200094,90,0.7466161999618635,110.50252725638676,6,True,False,False,0.005299382206845738,0.00602191985805333,False,0.9922385603711641,False,0
ppo_selected,200095,220,1.8014118000282906,268.1850725651034,4,False,False,False,0.0770189189838227,0.17860181681148635,False,0.9959073349568056,False,0
ppo_selected,200096,220,1.8058120000059716,251.3224623400792,4,False,False,False,0.09983436117731463,0.19457476444302838,False,0.9999733806849507,False,0
ppo_selected,200097,92,0.7862460000324063,111.25483465045656,6,True,False,False,0.007829946027507721,0.0083857706570295,False,0.9901861933777854,False,0
ppo_selected,200098,96,0.7869834000011906,113.40531059105751,6,True,False,False,0.005839806431192252,0.0064584876498742765,False,0.9910699444192792,False,0
ppo_selected,200099,91,0.7313072999822907,110.06449603049697,6,True,False,False,0.007052102500960677,0.007364396360124988,False,0.9924879261150866,False,0
