backend,checkpoint,checkpoint_sha256,collision,collision_steps,condition,dropped,execute_steps,first_action,goal_id,inference_device,instruction,max_lift_m,mode,object_id,placement_error_m,placement_error_xyz_m,policy_p50_ms,policy_p95_ms,preprocess_p50_ms,preprocess_p95_ms,scene_seed,simulation_seconds,steps,success,total_p50_ms,total_p95_ms,training_seed,variant,voxel_m,wall_seconds,wrong_destination,wrong_target
pytorch,artifacts\secondary_runs\fusion_50d_s0\best.pt,288b9e5da96d1e4f64b6386aebb9dd431adcc67d6cea1a45e74c1aab7865af66,True,2,nominal,False,2,"[0.7661263942718506, 0.7090303301811218, -0.8210130333900452, 0.0017782221548259258, 0.005524485372006893, -0.003184226807206869, -1.0]",0,cpu,Place the red cube in the blue receptacle.,0.8207844891595659,fusion,0,0.18477378986044285,0.18482187086770036,27.227849990595132,32.300004950957366,11.115749948658049,15.5776200001128,200000,11.0,220,False,38.68835000321269,45.504654943943024,0,data50,0.004,9.46343329991214,False,True
pytorch,artifacts\secondary_runs\fusion_50d_s0\best.pt,288b9e5da96d1e4f64b6386aebb9dd431adcc67d6cea1a45e74c1aab7865af66,False,0,nominal,False,2,"[0.8030075430870056, -0.8537472486495972, -0.7897563576698303, 0.007282806560397148, 0.006963337771594524, -0.01009075902402401, -1.0]",0,cpu,Place the green cube in the blue receptacle.,0.9883729310395409,fusion,1,0.023712413556739566,0.023851182445294803,26.043400052003562,30.525239976122972,10.68529998883605,14.849200006574392,200001,4.9,98,True,38.155099959112704,44.74428005050868,0,data50,0.004,4.0403894999763,False,False
pytorch,artifacts\secondary_runs\fusion_50d_s0\best.pt,288b9e5da96d1e4f64b6386aebb9dd431adcc67d6cea1a45e74c1aab7865af66,False,0,nominal,False,2,"[0.7699671387672424, 0.7994976043701172, -0.806789219379425, 0.0014961627312004566, 0.005143983289599419, -0.002554042264819145, -1.0]",1,cpu,Place the red cube in the yellow receptacle.,0.9929044317553681,fusion,0,0.3719028241413594,0.3719220791543812,25.88274999288842,30.21690502646379,10.555849934462458,15.000199998030439,200002,11.0,220,False,36.1973499529995,45.10317006497644,0,data50,0.004,9.10784589999821,True,False
pytorch,artifacts\secondary_runs\fusion_50d_s0\best.pt,288b9e5da96d1e4f64b6386aebb9dd431adcc67d6cea1a45e74c1aab7865af66,False,0,nominal,False,2,"[0.8192048072814941, -0.7648711800575256, -0.7777507901191711, 0.0073042213916778564, 0.006337052211165428, -0.010082593187689781, -1.0]",1,cpu,Place the green cube in the yellow receptacle.,0.8207844891595659,fusion,1,0.18197097510032068,0.18201979647996352,25.255049986299127,30.34381506149657,10.670949995983392,14.582570054335518,200003,11.0,220,False,36.571950069628656,44.04119999962859,0,data50,0.004,8.976431800052524,False,True
pytorch,artifacts\secondary_runs\fusion_50d_s0\best.pt,288b9e5da96d1e4f64b6386aebb9dd431adcc67d6cea1a45e74c1aab7865af66,False,0,nominal,False,2,"[0.7603128552436829, 0.6914052367210388, -0.8323656320571899, 0.0018512415699660778, 0.005787333473563194, -0.0032169222831726074, -1.0]",0,cpu,Place the red cube in the blue receptacle.,0.8207844891595659,fusion,0,0.21935313159052347,0.2193936345252873,26.04680001968518,31.099125032778826,10.017250024247915,14.785799966193736,200004,11.0,220,False,36.061600025277585,44.78745499509387,0,data50,0.004,8.790758599992841,False,False
pytorch,artifacts\secondary_runs\fusion_50d_s0\best.pt,288b9e5da96d1e4f64b6386aebb9dd431adcc67d6cea1a45e74c1aab7865af66,False,0,nominal,False,2,"[0.80121248960495, -0.8689684271812439, -0.7946381568908691, 0.007368938066065311, 0.006590495351701975, -0.010403411462903023, -0.9746012687683105]",0,cpu,Place the green cube in the blue receptacle.,0.8207844891595659,fusion,1,0.14562093698128853,0.14568194060676917,25.321649969555438,29.78249500738457,10.530999978072941,14.65278998366557,200005,11.0,220,False,36.35889996076003,43.77407499705441,0,data50,0.004,8.893332300009206,False,True
pytorch,artifacts\secondary_runs\fusion_50d_s0\best.pt,288b9e5da96d1e4f64b6386aebb9dd431adcc67d6cea1a45e74c1aab7865af66,False,0,nominal,False,2,"[0.7684705853462219, 0.7393526434898376, -0.8206488490104675, 0.001470360904932022, 0.005373076535761356, -0.00299356272444129, -1.0]",1,cpu,Place the red cube in the yellow receptacle.,0.9933563839172661,fusion,0,0.02661389141578665,0.02679605570840159,25.129999965429306,29.53029996715486,10.939799947664142,14.636259991675615,200006,5.25,105,True,35.8972999965772,44.028620002791286,0,data50,0.004,4.28284789994359,False,False
pytorch,artifacts\secondary_runs\fusion_50d_s0\best.pt,288b9e5da96d1e4f64b6386aebb9dd431adcc67d6cea1a45e74c1aab7865af66,False,0,nominal,False,2,"[0.7680747509002686, 0.7644329071044922, -0.8363105058670044, 0.0016338005661964417, 0.0051411534659564495, -0.0028211111202836037, -1.0]",1,cpu,Place the green cube in the yellow receptacle.,0.8207844891595659,fusion,1,0.3064769812428536,0.3065059714970954,25.002299982588738,29.44848500774242,10.101650084834546,14.435960043920204,200007,11.0,220,False,35.27025005314499,43.492984952172264,0,data50,0.004,8.846266600070521,False,False
pytorch,artifacts\secondary_runs\fusion_50d_s0\best.pt,288b9e5da96d1e4f64b6386aebb9dd431adcc67d6cea1a45e74c1aab7865af66,True,1,nominal,False,2,"[0.769652783870697, 0.6937319040298462, -0.8345352411270142, 0.0019042287021875381, 0.005408448167145252, -0.003348291153088212, -1.0]",0,cpu,Place the red cube in the blue receptacle.,0.8207844891595659,fusion,0,0.31814590724672226,0.31817383429422,26.253800024278462,31.200894963694736,10.140050027985126,14.717034972272813,200008,11.0,220,False,36.92954999860376,43.94177000503987,0,data50,0.004,9.09059359994717,False,True
pytorch,artifacts\secondary_runs\fusion_50d_s0\best.pt,288b9e5da96d1e4f64b6386aebb9dd431adcc67d6cea1a45e74c1aab7865af66,False,0,nominal,False,2,"[0.8070050477981567, -0.8338384628295898, -0.7943164706230164, 0.007211734540760517, 0.006643890868872404, -0.010119516402482986, -0.9973318576812744]",0,cpu,Place the green cube in the blue receptacle.,0.8207844891595659,fusion,1,0.19157928881582295,0.19162566225540442,25.492899992968887,29.934149933978915,10.539899987634271,14.544400037266314,200009,11.0,220,False,36.231149919331074,43.69710494065657,0,data50,0.004,9.105445299996063,False,True
pytorch,artifacts\secondary_runs\fusion_50d_s0\best.pt,288b9e5da96d1e4f64b6386aebb9dd431adcc67d6cea1a45e74c1aab7865af66,False,0,nominal,False,2,"[0.806612491607666, -0.8842582106590271, -0.7728962302207947, 0.00756451953202486, 0.006913281045854092, -0.010473170317709446, -0.9977648258209229]",1,cpu,Place the red cube in the yellow receptacle.,0.9904804791457865,fusion,0,0.012427103228376946,0.012729877066383826,26.377999980468303,29.85205496079288,10.266400000546128,14.72223998280242,200010,5.0,100,True,36.10875003505498,44.150994945084676,0,data50,0.004,4.150140200043097,False,False
pytorch,artifacts\secondary_runs\fusion_50d_s0\best.pt,288b9e5da96d1e4f64b6386aebb9dd431adcc67d6cea1a45e74c1aab7865af66,False,0,nominal,False,2,"[0.7658357620239258, 0.669614315032959, -0.8401595950126648, 0.0016993163153529167, 0.00554310018196702, -0.0034446497447788715, -1.0]",1,cpu,Place the green cube in the yellow receptacle.,0.8207844891595659,fusion,1,0.19514521331786855,0.19519073956651284,24.597649928182364,29.755525005748495,9.516249992884696,13.900664955144748,200011,11.0,220,False,34.01319996919483,42.90596004575491,0,data50,0.004,8.869793699937873,False,False
pytorch,artifacts\secondary_runs\fusion_50d_s0\best.pt,288b9e5da96d1e4f64b6386aebb9dd431adcc67d6cea1a45e74c1aab7865af66,False,0,nominal,False,2,"[0.8052411675453186, -0.8537654876708984, -0.7723242044448853, 0.007254481315612793, 0.007098634727299213, -0.010102542117238045, -1.0]",0,cpu,Place the red cube in the blue receptacle.,0.8209917650921109,fusion,0,0.23595444296690926,0.23599209666315146,25.58934997068718,29.50641493080184,9.881949983537197,14.24738997593522,200012,11.0,220,False,35.45929997926578,43.211029999656596,0,data50,0.004,8.768099199980497,False,False
pytorch,artifacts\secondary_runs\fusion_50d_s0\best.pt,288b9e5da96d1e4f64b6386aebb9dd431adcc67d6cea1a45e74c1aab7865af66,False,0,nominal,False,2,"[0.7633774280548096, 0.6723241806030273, -0.8460109829902649, 0.0018826224841177464, 0.005650570150464773, -0.0033496238756924868, -1.0]",0,cpu,Place the green cube in the blue receptacle.,0.8207844891595659,fusion,1,0.1653931338411372,0.16544684721516498,25.757200026419014,29.598619998432696,9.98375000199303,14.345254970248789,200013,11.0,220,False,34.7862999769859,43.0697750125546,0,data50,0.004,8.919567900011316,False,True
pytorch,artifacts\secondary_runs\fusion_50d_s0\best.pt,288b9e5da96d1e4f64b6386aebb9dd431adcc67d6cea1a45e74c1aab7865af66,False,0,nominal,False,2,"[0.7653471231460571, 0.7457449436187744, -0.8178414106369019, 0.0014231835957616568, 0.005570296198129654, -0.002877150196582079, -1.0]",1,cpu,Place the red cube in the yellow receptacle.,0.9873997804671022,fusion,0,0.019548118940908958,0.019691155006050096,24.246699991635978,29.355419985949993,10.15329989604652,14.057860011234878,200014,4.9,98,True,34.866100060753524,41.281940042972565,0,data50,0.004,3.9282691000262275,False,False
pytorch,artifacts\secondary_runs\fusion_50d_s0\best.pt,288b9e5da96d1e4f64b6386aebb9dd431adcc67d6cea1a45e74c1aab7865af66,False,0,nominal,False,2,"[0.7496601939201355, 0.7445629239082336, -0.8555768132209778, 0.0016848486848175526, 0.005059652030467987, -0.0029033145401626825, -0.9827942848205566]",1,cpu,Place the green cube in the yellow receptacle.,0.8207844891595659,fusion,1,0.2929797524150453,0.2930100780806474,25.37990000564605,29.27258496056311,10.124899970833212,14.355095074279234,200015,11.0,220,False,35.82680004183203,42.943454970372834,0,data50,0.004,9.073199900100008,False,True
pytorch,artifacts\secondary_runs\fusion_50d_s0\best.pt,288b9e5da96d1e4f64b6386aebb9dd431adcc67d6cea1a45e74c1aab7865af66,False,0,nominal,False,2,"[0.7651893496513367, 0.706957995891571, -0.8237215280532837, 0.001713389065116644, 0.005732918158173561, -0.0031179776415228844, -1.0]",0,cpu,Place the red cube in the blue receptacle.,0.9905399950134998,fusion,0,0.04102665607373492,0.041175467089893045,24.75299994694069,29.57179001532495,10.132300027180463,14.584219985408708,200016,4.95,99,True,34.97834998415783,43.753335042856634,0,data50,0.004,4.078922799904831,False,False
pytorch,artifacts\secondary_runs\fusion_50d_s0\best.pt,288b9e5da96d1e4f64b6386aebb9dd431adcc67d6cea1a45e74c1aab7865af66,False,0,nominal,False,2,"[0.7553266882896423, 0.6880043148994446, -0.8345009684562683, 0.0017408868297934532, 0.005717728286981583, -0.0031849504448473454, -1.0]",0,cpu,Place the green cube in the blue receptacle.,0.8207844891595659,fusion,1,0.16832047710415265,0.16837325661819158,26.63759997813031,29.817410022951663,9.629399981349707,14.396734960610047,200017,11.0,220,False,36.088100052438676,43.62027500756085,0,data50,0.004,8.916460599983111,False,True
pytorch,artifacts\secondary_runs\fusion_50d_s0\best.pt,288b9e5da96d1e4f64b6386aebb9dd431adcc67d6cea1a45e74c1aab7865af66,False,0,nominal,False,2,"[0.7595362663269043, 0.7497708797454834, -0.8070960640907288, 0.001480757724493742, 0.00554975401610136, -0.002831133548170328, -1.0]",1,cpu,Place the red cube in the yellow receptacle.,0.8207844891595659,fusion,0,0.14000056625998553,0.14006401780886632,24.596699979156256,29.58502999972552,9.843749983701855,14.69359498587437,200018,11.0,220,False,35.590399929787964,43.22497000102885,0,data50,0.004,8.916458599967882,False,True
pytorch,artifacts\secondary_runs\fusion_50d_s0\best.pt,288b9e5da96d1e4f64b6386aebb9dd431adcc67d6cea1a45e74c1aab7865af66,False,0,nominal,False,2,"[0.8177955746650696, -0.8145703077316284, -0.7914466261863708, 0.00720133725553751, 0.0064665768295526505, -0.010130337439477444, -1.0]",1,cpu,Place the green cube in the yellow receptacle.,0.8207844891595658,fusion,1,0.21720521378297097,0.21724611717163542,26.173399994149804,30.48135502031073,9.833499963860959,14.256120030768216,200019,11.0,220,False,36.207450029905885,44.503414968494326,0,data50,0.004,8.991920799948275,False,False
pytorch,artifacts\secondary_runs\fusion_dropout_s0\best.pt,361a669318c3fa59bc6bef861459c086af6d9dcf956e633c53b9a164202af6e8,False,0,nominal,False,2,"[0.7893504500389099, 0.8702024221420288, -0.7992486953735352, 0.0008261022157967091, 0.005027491133660078, -0.0034862346947193146, -1.0]",0,cpu,Place the red cube in the blue receptacle.,0.8207844891595659,fusion,0,0.18477378986044285,0.18482187086770036,24.068149970844388,30.267540022032335,9.674649976659566,14.64074500836432,200000,11.0,220,False,33.61784992739558,43.24158995295875,0,view_dropout,0.004,8.325033000088297,False,False
pytorch,artifacts\secondary_runs\fusion_dropout_s0\best.pt,361a669318c3fa59bc6bef861459c086af6d9dcf956e633c53b9a164202af6e8,False,0,nominal,False,2,"[0.7871296405792236, -0.8592567443847656, -0.7800816297531128, 0.006451600231230259, 0.0069382707588374615, -0.009579489007592201, -0.9992960691452026]",0,cpu,Place the green cube in the blue receptacle.,0.9940617360311759,fusion,1,0.03811796462219459,0.03823464633952019,24.1049500182271,30.068650003522635,10.351750010158867,14.619420043891294,200001,5.35,107,True,35.50914995139465,44.10065009724349,0,view_dropout,0.004,4.366200500051491,False,False
pytorch,artifacts\secondary_runs\fusion_dropout_s0\best.pt,361a669318c3fa59bc6bef861459c086af6d9dcf956e633c53b9a164202af6e8,False,0,nominal,False,2,"[0.7891533374786377, 0.8768368363380432, -0.7924143075942993, 0.0007854336872696877, 0.005051529500633478, -0.00346460472792387, -1.0]",1,cpu,Place the red cube in the yellow receptacle.,0.9955090499623876,fusion,0,0.016586649424091254,0.016662737465863445,26.016949967015535,29.780749941710383,10.209650034084916,14.278845011722296,200002,4.4,88,True,35.85820010630414,43.792950053466484,0,view_dropout,0.004,3.5369486999697983,False,False
pytorch,artifacts\secondary_runs\fusion_dropout_s0\best.pt,361a669318c3fa59bc6bef861459c086af6d9dcf956e633c53b9a164202af6e8,True,1,nominal,False,2,"[0.7790422439575195, -0.8589698076248169, -0.8008072376251221, 0.006679898127913475, 0.006821529008448124, -0.009592104703187943, -0.9586254358291626]",1,cpu,Place the green cube in the yellow receptacle.,0.8207844891595659,fusion,1,0.18197097510032068,0.18201979647996352,26.60680003464222,30.021524999756366,10.274000000208616,14.56674502696842,200003,11.0,220,False,36.617000005207956,44.381060026353225,0,view_dropout,0.004,8.806488800095394,False,False
pytorch,artifacts\secondary_runs\fusion_dropout_s0\best.pt,361a669318c3fa59bc6bef861459c086af6d9dcf956e633c53b9a164202af6e8,False,0,nominal,False,2,"[0.7840926051139832, 0.8661811947822571, -0.7974197864532471, 0.0007455453742295504, 0.005200143903493881, -0.0034204567782580853, -1.0]",0,cpu,Place the red cube in the blue receptacle.,0.8207844891595659,fusion,0,0.21935313159052347,0.2193936345252873,25.239499984309077,29.970500012859702,10.16895001521334,14.200999983586371,200004,11.0,220,False,36.00309992907569,43.66032500984147,0,view_dropout,0.004,8.784564100089483,False,False
pytorch,artifacts\secondary_runs\fusion_dropout_s0\best.pt,361a669318c3fa59bc6bef861459c086af6d9dcf956e633c53b9a164202af6e8,False,0,nominal,False,2,"[0.7871813774108887, -0.7915932536125183, -0.8069660663604736, 0.006269536912441254, 0.007009240798652172, -0.009574195370078087, -1.0]",0,cpu,Place the green cube in the blue receptacle.,0.8207844891595659,fusion,1,0.14562093698128853,0.14568194060676917,26.812300027813762,31.859915080713105,10.668299975804985,15.276464959606528,200005,11.0,220,False,37.45830000843853,46.79252995993011,0,view_dropout,0.004,9.136763400048949,False,False
pytorch,artifacts\secondary_runs\fusion_dropout_s0\best.pt,361a669318c3fa59bc6bef861459c086af6d9dcf956e633c53b9a164202af6e8,False,0,nominal,False,2,"[0.7841606736183167, 0.8589547276496887, -0.8011372089385986, 0.0007990915328264236, 0.0051621338352561, -0.0034988350234925747, -1.0]",1,cpu,Place the red cube in the yellow receptacle.,0.9881876341777901,fusion,0,0.023879950623737278,0.023928867070592073,25.281800015363842,29.855724988738075,10.51639998331666,14.745254948502406,200006,5.15,103,True,36.539149936288595,43.870064936345436,0,view_dropout,0.004,4.245696099940687,False,False
pytorch,artifacts\secondary_runs\fusion_dropout_s0\best.pt,361a669318c3fa59bc6bef861459c086af6d9dcf956e633c53b9a164202af6e8,True,1,nominal,False,2,"[0.7866311073303223, 0.8401646018028259, -0.8087136745452881, 0.0008778406772762537, 0.005238107405602932, -0.0035946443676948547, -1.0]",1,cpu,Place the green cube in the yellow receptacle.,0.8207844891595659,fusion,1,0.3064769812428536,0.3065059714970954,25.350050011184067,29.928445018595085,10.353550023864955,14.604904956649989,200007,11.0,220,False,36.85749997384846,44.19277000124566,0,view_dropout,0.004,9.053121399949305,False,True
pytorch,artifacts\secondary_runs\fusion_dropout_s0\best.pt,361a669318c3fa59bc6bef861459c086af6d9dcf956e633c53b9a164202af6e8,False,0,nominal,False,2,"[0.7919446229934692, 0.8671610355377197, -0.8109543323516846, 0.0009111640974879265, 0.0050965831615030766, -0.0034961942583322525, -1.0]",0,cpu,Place the red cube in the blue receptacle.,0.8207844891595659,fusion,0,0.31814590724672226,0.31817383429422,25.10514995083213,29.967175039928406,10.229299950879067,14.487704954808578,200008,11.0,220,False,35.52525001578033,43.99814496864565,0,view_dropout,0.004,9.027301999973133,False,True
pytorch,artifacts\secondary_runs\fusion_dropout_s0\best.pt,361a669318c3fa59bc6bef861459c086af6d9dcf956e633c53b9a164202af6e8,True,1,nominal,False,2,"[0.7807971239089966, -0.81402188539505, -0.8024990558624268, 0.00621996633708477, 0.0069940537214279175, -0.009476039558649063, -1.0]",0,cpu,Place the green cube in the blue receptacle.,0.8207844891595659,fusion,1,0.19157928881582295,0.19162566225540442,26.01485000923276,29.92401495575905,10.287099983543158,14.802140009123832,200009,11.0,220,False,36.33514995453879,44.55230500898324,0,view_dropout,0.004,8.902976999990642,False,True
pytorch,artifacts\secondary_runs\fusion_dropout_s0\best.pt,361a669318c3fa59bc6bef861459c086af6d9dcf956e633c53b9a164202af6e8,False,0,nominal,False,2,"[0.7812997102737427, -0.8745999336242676, -0.7635247707366943, 0.006535409018397331, 0.007080008275806904, -0.009695661254227161, -1.0]",1,cpu,Place the red cube in the yellow receptacle.,0.9923960831990379,fusion,0,0.012788777156301369,0.013215794467158424,24.346499936655164,29.938750027213246,10.545200086198747,14.613900042604655,200010,5.05,101,True,36.149400169961154,44.442899990826845,0,view_dropout,0.004,4.111152899917215,False,False
pytorch,artifacts\secondary_runs\fusion_dropout_s0\best.pt,361a669318c3fa59bc6bef861459c086af6d9dcf956e633c53b9a164202af6e8,True,1,nominal,False,2,"[0.7806316614151001, 0.8293839693069458, -0.8135201930999756, 0.0008405211847275496, 0.0052730487659573555, -0.003602405544370413, -1.0]",1,cpu,Place the green cube in the yellow receptacle.,0.8207844891595659,fusion,1,0.19514521331786855,0.19519073956651284,25.599899992812425,31.345154996961355,10.683349973987788,14.825680025387555,200011,11.0,220,False,36.726150021422654,44.74573496263474,0,view_dropout,0.004,9.06853189994581,False,True
pytorch,artifacts\secondary_runs\fusion_dropout_s0\best.pt,361a669318c3fa59bc6bef861459c086af6d9dcf956e633c53b9a164202af6e8,False,0,nominal,False,2,"[0.7873029708862305, 0.8499252796173096, -0.7985745668411255, 0.0008130536880344152, 0.0052636126056313515, -0.003531915135681629, -1.0]",0,cpu,Place the red cube in the blue receptacle.,0.8207844891595659,fusion,0,0.2351800953873615,0.23521787304125993,24.80029995786026,29.858679976314306,9.884749946650118,14.55024495953694,200012,11.0,220,False,35.12684995075688,43.102354963775724,0,view_dropout,0.004,8.705664600012824,False,False
pytorch,artifacts\secondary_runs\fusion_dropout_s0\best.pt,361a669318c3fa59bc6bef861459c086af6d9dcf956e633c53b9a164202af6e8,False,0,nominal,False,2,"[0.7836414575576782, 0.8252995014190674, -0.8128519058227539, 0.0008117703255265951, 0.00531915994361043, -0.0036277626641094685, -1.0]",0,cpu,Place the green cube in the blue receptacle.,0.8207844891595659,fusion,1,0.1653931338411372,0.16544684721516498,24.95759999146685,30.104710027808324,10.151349997613579,14.920974971028045,200013,11.0,220,False,34.99184997053817,44.366009964141995,0,view_dropout,0.004,8.944054399966262,False,True
pytorch,artifacts\secondary_runs\fusion_dropout_s0\best.pt,361a669318c3fa59bc6bef861459c086af6d9dcf956e633c53b9a164202af6e8,False,0,nominal,False,2,"[0.7840423583984375, 0.868233859539032, -0.7978615760803223, 0.0006602404173463583, 0.005296269431710243, -0.003400202840566635, -1.0]",1,cpu,Place the red cube in the yellow receptacle.,0.8810641077898206,fusion,0,0.2819708789036569,0.28200238843198927,25.546799995936453,30.11389501625672,9.17410000693053,13.94177002366632,200014,11.0,220,False,34.59505003411323,43.93095995765179,0,view_dropout,0.004,8.696562099969015,False,False
pytorch,artifacts\secondary_runs\fusion_dropout_s0\best.pt,361a669318c3fa59bc6bef861459c086af6d9dcf956e633c53b9a164202af6e8,False,0,nominal,False,2,"[0.7498858571052551, 0.8730679750442505, -0.7762923240661621, 0.0006822547875344753, 0.004915696568787098, -0.0032325354404747486, -0.9298688173294067]",1,cpu,Place the green cube in the yellow receptacle.,0.8207844891595659,fusion,1,0.2929797524150453,0.2930100780806474,26.69334999518469,30.686319997766983,10.220000054687262,14.566974993795153,200015,11.0,220,False,37.32749994378537,44.36875500250608,0,view_dropout,0.004,8.883595200022683,False,False
pytorch,artifacts\secondary_runs\fusion_dropout_s0\best.pt,361a669318c3fa59bc6bef861459c086af6d9dcf956e633c53b9a164202af6e8,False,0,nominal,False,2,"[0.7865438461303711, 0.8670028448104858, -0.8004660606384277, 0.0007784424815326929, 0.005158276297152042, -0.0034417323768138885, -1.0]",0,cpu,Place the red cube in the blue receptacle.,0.9825117549263178,fusion,0,0.04018751692281866,0.04426998018979851,25.691599934361875,30.22706003393978,11.319499928504229,15.18839995842427,200016,4.9,98,True,37.547699990682304,44.892259943298995,0,view_dropout,0.004,4.026453499915078,False,False
pytorch,artifacts\secondary_runs\fusion_dropout_s0\best.pt,361a669318c3fa59bc6bef861459c086af6d9dcf956e633c53b9a164202af6e8,False,0,nominal,False,2,"[0.7774853110313416, 0.845024824142456, -0.7983272075653076, 0.0007687974721193314, 0.005285419523715973, -0.003491620998829603, -1.0]",0,cpu,Place the green cube in the blue receptacle.,0.8207844891595659,fusion,1,0.16832047710415268,0.1683732566181916,25.899850064888597,29.874140000902116,10.157450044061989,14.770374988438562,200017,11.0,220,False,36.41830000560731,44.45678001502529,0,view_dropout,0.004,8.971979100024328,False,True
pytorch,artifacts\secondary_runs\fusion_dropout_s0\best.pt,361a669318c3fa59bc6bef861459c086af6d9dcf956e633c53b9a164202af6e8,False,0,nominal,False,2,"[0.7835153341293335, 0.8612872362136841, -0.7958110570907593, 0.0006897177081555128, 0.00529332272708416, -0.003458807710558176, -1.0]",1,cpu,Place the red cube in the yellow receptacle.,0.8207844891595659,fusion,0,0.14000056625998553,0.14006401780886632,26.295549992937595,30.101379984989762,10.516899987123907,14.915244991425425,200018,11.0,220,False,36.935799987986684,44.84631499508396,0,view_dropout,0.004,8.816788000054657,False,True
pytorch,artifacts\secondary_runs\fusion_dropout_s0\best.pt,361a669318c3fa59bc6bef861459c086af6d9dcf956e633c53b9a164202af6e8,True,1,nominal,False,2,"[0.7895464897155762, -0.8446571230888367, -0.7810004949569702, 0.006375923752784729, 0.007035898510366678, -0.009661173447966576, -1.0]",1,cpu,Place the green cube in the yellow receptacle.,0.8221136516546481,fusion,1,0.21755164637158922,0.21759248463730274,25.86740005062893,29.83096005045809,9.603300015442073,14.191064977785572,200019,11.0,220,False,35.34615004900843,43.4120649821125,0,view_dropout,0.004,8.660582900047302,False,False
pytorch,artifacts\secondary_runs\fusion_dropout_s0\best.pt,361a669318c3fa59bc6bef861459c086af6d9dcf956e633c53b9a164202af6e8,False,0,fixed_camera_missing,False,2,"[0.7853478193283081, 0.8777497410774231, -0.8012917041778564, 0.000801948131993413, 0.005003244616091251, -0.0033973923418670893, -1.0]",0,cpu,Place the red cube in the blue receptacle.,0.8207844891595659,fusion,0,0.18477378986044285,0.18482187086770036,25.08069999748841,30.48789001768455,9.0483000385575,14.145085000200197,200000,11.0,220,False,34.664849983528256,43.81856002146378,0,view_dropout,0.004,8.643606500001624,False,False
pytorch,artifacts\secondary_runs\fusion_dropout_s0\best.pt,361a669318c3fa59bc6bef861459c086af6d9dcf956e633c53b9a164202af6e8,False,0,fixed_camera_missing,False,2,"[0.7849048376083374, -0.8550857901573181, -0.787327766418457, 0.006464457139372826, 0.006926576141268015, -0.009545769542455673, -0.997079610824585]",0,cpu,Place the green cube in the blue receptacle.,1.0009516710393227,fusion,1,0.36000047997561296,0.3600203715637083,26.52050001779571,29.813984996872023,10.473000002093613,15.271325036883354,200001,11.0,220,False,36.79809998720884,44.59658998530358,0,view_dropout,0.004,8.838800699915737,True,False
pytorch,artifacts\secondary_runs\fusion_dropout_s0\best.pt,361a669318c3fa59bc6bef861459c086af6d9dcf956e633c53b9a164202af6e8,False,0,fixed_camera_missing,False,2,"[0.7872395515441895, 0.8747246265411377, -0.7952394485473633, 0.0007940914947539568, 0.005045793484896421, -0.0034711984917521477, -1.0]",1,cpu,Place the red cube in the yellow receptacle.,0.994819275531221,fusion,0,0.015122241209465,0.015204630285046405,24.822300008963794,30.689069954678416,10.429400077555329,14.953589998185635,200002,4.4,88,True,35.64855002332479,44.90706498618238,0,view_dropout,0.004,3.633247399935499,False,False
pytorch,artifacts\secondary_runs\fusion_dropout_s0\best.pt,361a669318c3fa59bc6bef861459c086af6d9dcf956e633c53b9a164202af6e8,False,0,fixed_camera_missing,False,2,"[0.7751763463020325, -0.8525417447090149, -0.8112521171569824, 0.0066708168014883995, 0.0067817033268511295, -0.009532919153571129, -0.9503179788589478]",1,cpu,Place the green cube in the yellow receptacle.,0.8207844891595659,fusion,1,0.18197097510032068,0.18201979647996352,25.542000017594546,30.03675999934785,10.377900034654886,15.04722501267679,200003,11.0,220,False,36.33544995682314,44.85173000139184,0,view_dropout,0.004,8.980141400010325,False,True
pytorch,artifacts\secondary_runs\fusion_dropout_s0\best.pt,361a669318c3fa59bc6bef861459c086af6d9dcf956e633c53b9a164202af6e8,False,0,fixed_camera_missing,False,2,"[0.7797747850418091, 0.8774106502532959, -0.7972838878631592, 0.000732021639123559, 0.005119040608406067, -0.0033455556258559227, -1.0]",0,cpu,Place the red cube in the blue receptacle.,0.8207844891595659,fusion,0,0.21935313159052347,0.2193936345252873,26.238100021146238,29.9163150775712,10.566550015937537,14.963395084487274,200004,11.0,220,False,37.17105003306642,44.48512496310286,0,view_dropout,0.004,8.81746569997631,False,False
pytorch,artifacts\secondary_runs\fusion_dropout_s0\best.pt,361a669318c3fa59bc6bef861459c086af6d9dcf956e633c53b9a164202af6e8,False,0,fixed_camera_missing,False,2,"[0.7631468772888184, 0.7064161896705627, -0.825522780418396, 0.0010135245975106955, 0.005330948159098625, -0.004094253294169903, -0.9843312501907349]",0,cpu,Place the green cube in the blue receptacle.,0.8686477718051568,fusion,1,0.14204423989960446,0.14210677893859325,25.18409996991977,30.028854979900643,10.200099961366504,14.885629992932081,200005,11.0,220,False,35.24899994954467,43.913974973838776,0,view_dropout,0.004,8.699170000036247,False,False
pytorch,artifacts\secondary_runs\fusion_dropout_s0\best.pt,361a669318c3fa59bc6bef861459c086af6d9dcf956e633c53b9a164202af6e8,False,0,fixed_camera_missing,False,2,"[0.7832266092300415, 0.861754298210144, -0.8010700941085815, 0.0007878872565925121, 0.005154957063496113, -0.0034752837382256985, -1.0]",1,cpu,Place the red cube in the yellow receptacle.,0.9875762970732153,fusion,0,0.025867414734689273,0.025913117947394253,25.46815003734082,30.091035005170852,11.04905002284795,15.139105002162976,200006,5.2,104,True,37.05700003774837,45.014630019431934,0,view_dropout,0.004,4.298961199936457,False,False
pytorch,artifacts\secondary_runs\fusion_dropout_s0\best.pt,361a669318c3fa59bc6bef861459c086af6d9dcf956e633c53b9a164202af6e8,True,1,fixed_camera_missing,False,2,"[0.7839727401733398, 0.8434973359107971, -0.8085800409317017, 0.0008709437679499388, 0.005203969776630402, -0.0035768533125519753, -0.9992725849151611]",1,cpu,Place the green cube in the yellow receptacle.,0.8207844891595659,fusion,1,0.3064769812428536,0.3065059714970954,27.141749975271523,31.653584935702384,10.856200009584427,15.184700017562136,200007,11.0,220,False,37.67430002335459,45.59111497364938,0,view_dropout,0.004,9.246220499975607,False,True
pytorch,artifacts\secondary_runs\fusion_dropout_s0\best.pt,361a669318c3fa59bc6bef861459c086af6d9dcf956e633c53b9a164202af6e8,False,0,fixed_camera_missing,False,2,"[0.7906894683837891, 0.8614670038223267, -0.8131119012832642, 0.0009240016806870699, 0.005088881589472294, -0.003539921250194311, -1.0]",0,cpu,Place the red cube in the blue receptacle.,0.8207844891595659,fusion,0,0.31814590724672226,0.31817383429422,25.26880003279075,29.88675002125092,10.370499978307635,14.877229975536464,200008,11.0,220,False,36.090550012886524,44.74149505258538,0,view_dropout,0.004,8.91878980002366,False,True
pytorch,artifacts\secondary_runs\fusion_dropout_s0\best.pt,361a669318c3fa59bc6bef861459c086af6d9dcf956e633c53b9a164202af6e8,False,0,fixed_camera_missing,False,2,"[0.7785764336585999, -0.8458791375160217, -0.7882610559463501, 0.006347939372062683, 0.007097759284079075, -0.009615371003746986, -0.9950157403945923]",0,cpu,Place the green cube in the blue receptacle.,0.8207844891595659,fusion,1,0.19157928881582295,0.19162566225540442,26.411700004246086,29.896274965722114,10.270900034811348,14.740279980469493,200009,11.0,220,False,36.02390002924949,44.4053549785167,0,view_dropout,0.004,8.792707399930805,False,True
pytorch,artifacts\secondary_runs\fusion_dropout_s0\best.pt,361a669318c3fa59bc6bef861459c086af6d9dcf956e633c53b9a164202af6e8,False,0,fixed_camera_missing,False,2,"[0.7802016139030457, -0.8760578632354736, -0.7631173133850098, 0.006575796753168106, 0.007109657861292362, -0.009707747027277946, -1.0]",1,cpu,Place the red cube in the yellow receptacle.,0.9903534772391093,fusion,0,0.01837149644127487,0.0186445299142573,26.882499922066927,29.870250029489398,10.136099997907877,15.00870002200827,200010,5.1,102,True,36.916299955919385,44.39265001565218,0,view_dropout,0.004,4.1278373000677675,False,False
pytorch,artifacts\secondary_runs\fusion_dropout_s0\best.pt,361a669318c3fa59bc6bef861459c086af6d9dcf956e633c53b9a164202af6e8,True,1,fixed_camera_missing,False,2,"[0.780894935131073, 0.8307493925094604, -0.814659595489502, 0.0008508814498782158, 0.005271062254905701, -0.003599179908633232, -1.0]",1,cpu,Place the green cube in the yellow receptacle.,0.8207844891595659,fusion,1,0.19514521331786855,0.19519073956651284,26.671500003430992,29.999929963378236,11.283400002866983,14.902485022321343,200011,11.0,220,False,38.42080006143078,44.440419995225966,0,view_dropout,0.004,9.056212199968286,False,True
pytorch,artifacts\secondary_runs\fusion_dropout_s0\best.pt,361a669318c3fa59bc6bef861459c086af6d9dcf956e633c53b9a164202af6e8,True,1,fixed_camera_missing,False,2,"[0.785618007183075, 0.8513529896736145, -0.7955896854400635, 0.0008300899062305689, 0.005183112807571888, -0.003591642016544938, -1.0]",0,cpu,Place the red cube in the blue receptacle.,0.8207844891595659,fusion,0,0.2351800953873615,0.23521787304125993,25.770499953068793,29.854779969900846,9.712400031276047,14.504279964603484,200012,11.0,220,False,35.38875002413988,44.05412496998906,0,view_dropout,0.004,8.620652799960226,False,False
pytorch,artifacts\secondary_runs\fusion_dropout_s0\best.pt,361a669318c3fa59bc6bef861459c086af6d9dcf956e633c53b9a164202af6e8,False,0,fixed_camera_missing,False,2,"[0.7794764041900635, 0.8380371332168579, -0.8137468099594116, 0.000813040416687727, 0.005300885997712612, -0.0035202479921281338, -1.0]",0,cpu,Place the green cube in the blue receptacle.,0.8207844891595659,fusion,1,0.1653931338411372,0.16544684721516498,25.41230001952499,30.03397498978302,10.075900063384324,15.054610004881397,200013,11.0,220,False,35.89919995283708,44.628089998150244,0,view_dropout,0.004,8.867295500007458,False,True
pytorch,artifacts\secondary_runs\fusion_dropout_s0\best.pt,361a669318c3fa59bc6bef861459c086af6d9dcf956e633c53b9a164202af6e8,False,0,fixed_camera_missing,False,2,"[0.7820779085159302, 0.860579252243042, -0.802445650100708, 0.0006611845456063747, 0.005251611582934856, -0.0034556295722723007, -1.0]",1,cpu,Place the red cube in the yellow receptacle.,0.8415114011054491,fusion,0,0.26576565801726093,0.26579908862333124,25.164700055029243,29.936215007910505,9.671700012404472,14.288299973122774,200014,11.0,220,False,34.774549945723265,43.06725500500761,0,view_dropout,0.004,8.661115899914876,False,False
pytorch,artifacts\secondary_runs\fusion_dropout_s0\best.pt,361a669318c3fa59bc6bef861459c086af6d9dcf956e633c53b9a164202af6e8,False,0,fixed_camera_missing,False,2,"[0.768513023853302, 0.87704998254776, -0.7871901988983154, 0.0007320074364542961, 0.00499171856790781, -0.0033381928224116564, -0.9658918380737305]",1,cpu,Place the green cube in the yellow receptacle.,0.8207844891595659,fusion,1,0.2929797524150453,0.2930100780806474,24.907050014007837,29.967295000096783,10.44949993956834,15.049484983319415,200015,11.0,220,False,36.28335002576932,44.36518501024693,0,view_dropout,0.004,8.698611699976027,False,True
pytorch,artifacts\secondary_runs\fusion_dropout_s0\best.pt,361a669318c3fa59bc6bef861459c086af6d9dcf956e633c53b9a164202af6e8,False,0,fixed_camera_missing,False,2,"[0.7840270400047302, 0.8654133081436157, -0.8017514944076538, 0.0007723479066044092, 0.0051738182082772255, -0.0034293825738132, -1.0]",0,cpu,Place the red cube in the blue receptacle.,0.9851709754816808,fusion,0,0.040325622044878134,0.04368626508097565,26.67769999243319,29.95489997556433,10.791399981826544,15.133399982005358,200016,5.05,101,True,37.833499955013394,44.684499967843294,0,view_dropout,0.004,4.230313500040211,False,False
pytorch,artifacts\secondary_runs\fusion_dropout_s0\best.pt,361a669318c3fa59bc6bef861459c086af6d9dcf956e633c53b9a164202af6e8,False,0,fixed_camera_missing,False,2,"[0.771706223487854, 0.8459174036979675, -0.8044103384017944, 0.0007556364871561527, 0.005212760996073484, -0.0034469685051590204, -0.9882640838623047]",0,cpu,Place the green cube in the blue receptacle.,0.8207844891595659,fusion,1,0.16832047710415268,0.1683732566181916,25.57604998582974,30.05376505316235,10.478599986527115,15.186870004981756,200017,11.0,220,False,36.11604997422546,44.73643997334875,0,view_dropout,0.004,8.937894999980927,False,True
pytorch,artifacts\secondary_runs\fusion_dropout_s0\best.pt,361a669318c3fa59bc6bef861459c086af6d9dcf956e633c53b9a164202af6e8,False,0,fixed_camera_missing,False,2,"[0.7794069647789001, 0.8727558851242065, -0.7961091995239258, 0.0006742232944816351, 0.005237204022705555, -0.0033720440696924925, -1.0]",1,cpu,Place the red cube in the yellow receptacle.,0.8207844891595659,fusion,0,0.14000056625998553,0.14006401780886632,25.63469996675849,29.73328996449709,9.748400014359504,14.224545011529699,200018,11.0,220,False,34.62604997912422,43.011589953675866,0,view_dropout,0.004,8.686693500028923,False,False
pytorch,artifacts\secondary_runs\fusion_dropout_s0\best.pt,361a669318c3fa59bc6bef861459c086af6d9dcf956e633c53b9a164202af6e8,True,2,fixed_camera_missing,False,2,"[0.7893917560577393, -0.846887469291687, -0.7823439836502075, 0.006434230133891106, 0.00704966252669692, -0.009673655033111572, -1.0]",1,cpu,Place the green cube in the yellow receptacle.,0.8210826944304775,fusion,1,0.2176334212162417,0.2176742441400266,25.08244995260611,29.95183496386744,9.782550041563809,14.037784974789247,200019,11.0,220,False,35.34629999194294,42.316569917602465,0,view_dropout,0.004,8.593123900005594,False,False
pytorch,artifacts\main_runs\fusion_s0\best.pt,444aa2e097000653ffff70bcc420740f13ffd7e1b26c6bd3e1e444eb4bea9263,False,0,nominal,False,2,"[0.7412886023521423, 0.9523231983184814, -0.7724238634109497, 0.0007965837139636278, 0.0046232412569224834, -0.0026395642198622227, -0.9391921758651733]",0,cpu,Place the red cube in the blue receptacle.,0.8207844891595659,fusion,0,0.18477378986044285,0.18482187086770036,27.250599989201874,32.6464650046546,5.662399984430522,8.258564956486225,200000,11.0,220,False,33.46274996874854,40.551980055170134,0,no_voxel,0.0,8.669201800017618,False,False
pytorch,artifacts\main_runs\fusion_s0\best.pt,444aa2e097000653ffff70bcc420740f13ffd7e1b26c6bd3e1e444eb4bea9263,False,0,nominal,False,2,"[0.7810379862785339, -0.8468971252441406, -0.7952991724014282, 0.006476846523582935, 0.0068016196601092815, -0.009566317312419415, -0.9836326837539673]",0,cpu,Place the green cube in the blue receptacle.,0.9862449928591897,fusion,1,0.016689943623891763,0.01676787643899111,26.022000005468726,30.492200050503016,5.591299966908991,7.704739971086383,200001,4.85,97,True,31.72550001181662,37.465580040588975,0,no_voxel,0.0,3.7810261000413448,False,False
pytorch,artifacts\main_runs\fusion_s0\best.pt,444aa2e097000653ffff70bcc420740f13ffd7e1b26c6bd3e1e444eb4bea9263,False,0,nominal,False,2,"[0.7334887981414795, 0.958543062210083, -0.7510775327682495, 0.0007254062220454216, 0.004533738363534212, -0.002606201684102416, -0.9152922630310059]",1,cpu,Place the red cube in the yellow receptacle.,0.9899854426086445,fusion,0,0.47152084369240344,0.4796671620362527,25.660049985162914,30.222075030906126,5.536400014534593,7.752754935063422,200002,11.0,220,False,31.61119995638728,37.20438999007456,0,no_voxel,0.0,8.829843700048514,True,False
pytorch,artifacts\main_runs\fusion_s0\best.pt,444aa2e097000653ffff70bcc420740f13ffd7e1b26c6bd3e1e444eb4bea9263,False,0,nominal,False,2,"[0.7862071990966797, -0.8083303570747375, -0.8161302804946899, 0.006384869106113911, 0.006783155258744955, -0.009675947949290276, -0.9741876125335693]",1,cpu,Place the green cube in the yellow receptacle.,0.8207844891595659,fusion,1,0.18197097510032068,0.18201979647996352,27.62439998332411,34.18683995842002,5.437949963379651,8.038575004320592,200003,11.0,220,False,33.653049962595105,40.195644967025146,0,no_voxel,0.0,8.831336400005966,False,False
pytorch,artifacts\main_runs\fusion_s0\best.pt,444aa2e097000653ffff70bcc420740f13ffd7e1b26c6bd3e1e444eb4bea9263,False,0,nominal,False,2,"[0.7795297503471375, 0.849399745464325, -0.8050013780593872, 0.0009671328589320183, 0.005115284584462643, -0.0034638065844774246, -1.0]",0,cpu,Place the red cube in the blue receptacle.,0.8207844891595659,fusion,0,0.21935313159052347,0.2193936345252873,28.434299980290234,33.03241500980221,6.017800071276724,8.349790005013347,200004,11.0,220,False,34.35849992092699,40.50118506420404,0,no_voxel,0.0,8.79026070004329,False,False
pytorch,artifacts\main_runs\fusion_s0\best.pt,444aa2e097000653ffff70bcc420740f13ffd7e1b26c6bd3e1e444eb4bea9263,True,1,nominal,False,2,"[0.7879133224487305, -0.8131833076477051, -0.8105922937393188, 0.006377192214131355, 0.006809288170188665, -0.009580971673130989, -0.9895462989807129]",0,cpu,Place the green cube in the blue receptacle.,0.8207844891595659,fusion,1,0.14562093698128853,0.14568194060676917,27.362700027879328,31.526514957658943,5.973199964500964,8.330815029330552,200005,11.0,220,False,33.64365000743419,39.240855001844466,0,no_voxel,0.0,8.988807299989276,False,True
pytorch,artifacts\main_runs\fusion_s0\best.pt,444aa2e097000653ffff70bcc420740f13ffd7e1b26c6bd3e1e444eb4bea9263,False,0,nominal,False,2,"[0.7785709500312805, 0.88829505443573, -0.798972487449646, 0.0009546545334160328, 0.004998892545700073, -0.0032081198878586292, -1.0]",1,cpu,Place the red cube in the yellow receptacle.,0.9891264801113313,fusion,0,0.028441324007889932,0.02846943292309712,28.548749978654087,34.26551494630985,6.1584500363096595,8.48498506238684,200006,5.2,104,True,34.5666499924846,41.07763996580615,0,no_voxel,0.0,4.171582599985413,False,False
pytorch,artifacts\main_runs\fusion_s0\best.pt,444aa2e097000653ffff70bcc420740f13ffd7e1b26c6bd3e1e444eb4bea9263,False,0,nominal,True,2,"[0.787931501865387, 0.8303613662719727, -0.8118104934692383, 0.0011295320000499487, 0.0051813311874866486, -0.0036159942392259836, -1.0]",1,cpu,Place the green cube in the yellow receptacle.,0.8207844891595659,fusion,1,0.3064769812428536,0.3065059714970954,28.93085003597662,33.00746501190588,6.049700081348419,8.220710017485544,200007,11.0,220,False,35.059999965596944,39.95290999300778,0,no_voxel,0.0,8.717795999953523,False,True
pytorch,artifacts\main_runs\fusion_s0\best.pt,444aa2e097000653ffff70bcc420740f13ffd7e1b26c6bd3e1e444eb4bea9263,True,1,nominal,False,2,"[0.7712199091911316, 0.932414710521698, -0.787259578704834, 0.0008226437494158745, 0.00481084268540144, -0.002913470147177577, -1.0]",0,cpu,Place the red cube in the blue receptacle.,0.8207844891595659,fusion,0,0.31814590724672226,0.31817383429422,26.89219993771985,30.887524946592748,5.452850018627942,8.078714984003454,200008,11.0,220,False,32.50139998272061,38.65672495448962,0,no_voxel,0.0,8.401109299971722,False,True
pytorch,artifacts\main_runs\fusion_s0\best.pt,444aa2e097000653ffff70bcc420740f13ffd7e1b26c6bd3e1e444eb4bea9263,False,0,nominal,False,2,"[0.7740989923477173, -0.7979327440261841, -0.8115301132202148, 0.006157182157039642, 0.006844810675829649, -0.009366225451231003, -0.9709515571594238]",0,cpu,Place the green cube in the blue receptacle.,0.8207844891595659,fusion,1,0.19157928881582295,0.19162566225540442,26.997099979780614,31.234509986825287,5.4839999647811055,8.011264988454059,200009,11.0,220,False,32.3614000226371,38.69371502660215,0,no_voxel,0.0,8.505999899934977,False,True
pytorch,artifacts\main_runs\fusion_s0\best.pt,444aa2e097000653ffff70bcc420740f13ffd7e1b26c6bd3e1e444eb4bea9263,False,0,nominal,False,2,"[0.7758709788322449, -0.9032389521598816, -0.7614154815673828, 0.006546149030327797, 0.006981173530220985, -0.009765785187482834, -0.9809211492538452]",1,cpu,Place the red cube in the yellow receptacle.,0.994244048276919,fusion,0,0.015479458382780349,0.01572060847785435,22.965300013311207,29.56895000534132,5.334799992851913,7.51984998350963,200010,5.1,102,True,28.40990002732724,36.53094999026507,0,no_voxel,0.0,3.8287001000717282,False,False
pytorch,artifacts\main_runs\fusion_s0\best.pt,444aa2e097000653ffff70bcc420740f13ffd7e1b26c6bd3e1e444eb4bea9263,False,0,nominal,False,2,"[0.7798078656196594, 0.8380181789398193, -0.8145431280136108, 0.0010657263919711113, 0.0051681166514754295, -0.0034817559644579887, -1.0]",1,cpu,Place the green cube in the yellow receptacle.,0.8207844891595659,fusion,1,0.19514521331786855,0.19519073956651284,25.907900009769946,30.66367505234666,5.66044996958226,7.911124976817518,200011,11.0,220,False,32.307200017385185,38.06765996851027,0,no_voxel,0.0,8.328851700061932,False,True
pytorch,artifacts\main_runs\fusion_s0\best.pt,444aa2e097000653ffff70bcc420740f13ffd7e1b26c6bd3e1e444eb4bea9263,False,0,nominal,False,2,"[0.7927026748657227, 0.1676042228937149, -0.899938702583313, 0.003032651962712407, 0.004432389512658119, -0.007516767363995314, -1.0]",0,cpu,Place the red cube in the blue receptacle.,0.9809388588023463,fusion,0,0.0780409319817999,0.09595153996255196,26.27984998980537,30.498519988032058,5.211199983023107,7.932019967120141,200012,11.0,220,False,31.72194998478517,38.449335016775876,0,no_voxel,0.0,8.218683899962343,False,False
pytorch,artifacts\main_runs\fusion_s0\best.pt,444aa2e097000653ffff70bcc420740f13ffd7e1b26c6bd3e1e444eb4bea9263,False,0,nominal,False,2,"[0.7715383172035217, 0.8323073983192444, -0.8216716051101685, 0.0010501029901206493, 0.005192936398088932, -0.003433986334130168, -1.0]",0,cpu,Place the green cube in the blue receptacle.,0.8207844891595659,fusion,1,0.1653931338411372,0.16544684721516498,26.59835002850741,30.782459961483255,5.38784998934716,7.7496549871284515,200013,11.0,220,False,32.2288999450393,38.176919997204095,0,no_voxel,0.0,8.47237070009578,False,True
pytorch,artifacts\main_runs\fusion_s0\best.pt,444aa2e097000653ffff70bcc420740f13ffd7e1b26c6bd3e1e444eb4bea9263,True,1,nominal,False,2,"[0.7787181735038757, 0.8930652141571045, -0.7996557950973511, 0.0008471373002976179, 0.005097407381981611, -0.0031736877281218767, -1.0]",1,cpu,Place the red cube in the yellow receptacle.,0.8224168468568823,fusion,0,0.27835806507186844,0.2783899835162903,26.254600030370057,30.264429963426664,5.398000008426607,7.80950496555306,200014,11.0,220,False,32.308700028806925,37.389705021632835,0,no_voxel,0.0,8.262221500044689,False,False
pytorch,artifacts\main_runs\fusion_s0\best.pt,444aa2e097000653ffff70bcc420740f13ffd7e1b26c6bd3e1e444eb4bea9263,False,0,nominal,False,2,"[0.7806406617164612, 0.8660852909088135, -0.8030531406402588, 0.001029185252264142, 0.005045754369348288, -0.003403410781174898, -1.0]",1,cpu,Place the green cube in the yellow receptacle.,0.8207844891595659,fusion,1,0.2929797524150453,0.2930100780806474,24.926049984060228,30.60047499020584,5.48135006101802,7.793824962573126,200015,11.0,220,False,30.829549999907613,38.224824995268136,0,no_voxel,0.0,8.42021869996097,False,True
pytorch,artifacts\main_runs\fusion_s0\best.pt,444aa2e097000653ffff70bcc420740f13ffd7e1b26c6bd3e1e444eb4bea9263,False,0,nominal,False,2,"[0.7734683156013489, 0.8705859184265137, -0.8140654563903809, 0.0010315270628780127, 0.00501618254929781, -0.0032961522229015827, -1.0]",0,cpu,Place the red cube in the blue receptacle.,0.9834037259248395,fusion,0,0.04066978876369342,0.04543938936201627,26.61959989927709,31.76707997918129,5.641499999910593,7.885820046067237,200016,4.9,98,True,32.95230004005134,38.48929998930544,0,no_voxel,0.0,3.8870172000024468,False,False
pytorch,artifacts\main_runs\fusion_s0\best.pt,444aa2e097000653ffff70bcc420740f13ffd7e1b26c6bd3e1e444eb4bea9263,False,0,nominal,False,2,"[0.7708970904350281, 0.8195465207099915, -0.8095129728317261, 0.000998874893411994, 0.005264976527541876, -0.0035079848021268845, -1.0]",0,cpu,Place the green cube in the blue receptacle.,0.8207844891595659,fusion,1,0.16832047710415268,0.1683732566181916,25.56090004509315,30.38720498443581,5.433649988844991,7.967169949552044,200017,11.0,220,False,31.449700065422803,37.557774991728365,0,no_voxel,0.0,7.818066100007854,False,True
pytorch,artifacts\main_runs\fusion_s0\best.pt,444aa2e097000653ffff70bcc420740f13ffd7e1b26c6bd3e1e444eb4bea9263,False,0,nominal,False,2,"[0.7745154500007629, 0.8517763018608093, -0.7996035814285278, 0.0008204055484384298, 0.00525343231856823, -0.003369867568835616, -1.0]",1,cpu,Place the red cube in the yellow receptacle.,0.8207844891595659,fusion,0,0.14000056625998553,0.14006401780886632,27.40164997521788,31.53569502173923,5.863149999640882,8.125145029043779,200018,11.0,220,False,33.01919990917668,38.756814948283136,0,no_voxel,0.0,8.484616700094193,False,True
pytorch,artifacts\main_runs\fusion_s0\best.pt,444aa2e097000653ffff70bcc420740f13ffd7e1b26c6bd3e1e444eb4bea9263,True,2,nominal,False,2,"[0.7916581630706787, -0.8318535089492798, -0.7973877191543579, 0.006355184130370617, 0.007005912251770496, -0.00971012283116579, -1.0]",1,cpu,Place the green cube in the yellow receptacle.,0.8235412239156739,fusion,1,0.21743805741498473,0.21747891701047256,27.83254999667406,31.44741501891986,5.601750046480447,8.016335038701072,200019,11.0,220,False,32.943549973424524,38.664134981809184,0,no_voxel,0.0,8.556474599987268,False,False
onnx_denoiser,artifacts\main_runs\fusion_s0\best.pt,444aa2e097000653ffff70bcc420740f13ffd7e1b26c6bd3e1e444eb4bea9263,False,0,nominal,False,2,"[0.7813055515289307, 0.8632134199142456, -0.8044523000717163, 0.0010386074427515268, 0.0049482109025120735, -0.003453455399721861, -1.0]",0,cpu,Place the red cube in the blue receptacle.,0.8207844891595659,fusion,0,0.18477378986044285,0.18482187086770036,10.400999977719039,12.836549995699897,10.07565000327304,13.757619942771269,200000,11.0,220,False,20.862850011326373,25.42825501295738,0,onnx,0.004,6.822405399987474,False,False
onnx_denoiser,artifacts\main_runs\fusion_s0\best.pt,444aa2e097000653ffff70bcc420740f13ffd7e1b26c6bd3e1e444eb4bea9263,False,0,nominal,False,2,"[0.7827758193016052, -0.8441533446311951, -0.7966932058334351, 0.0064811380580067635, 0.00680305901914835, -0.009582672268152237, -0.9867273569107056]",0,cpu,Place the green cube in the blue receptacle.,0.9901298710639383,fusion,1,0.03669816856791813,0.03684363847737486,11.458999942988157,13.031479995697737,10.419099940918386,14.346339972689748,200001,5.25,105,True,21.60739991813898,26.769259991124272,0,onnx,0.004,3.5625723999692127,False,False
onnx_denoiser,artifacts\main_runs\fusion_s0\best.pt,444aa2e097000653ffff70bcc420740f13ffd7e1b26c6bd3e1e444eb4bea9263,False,0,nominal,False,2,"[0.7784828543663025, 0.8978573083877563, -0.7943438291549683, 0.0009950995445251465, 0.00489613926038146, -0.0032486736308783293, -1.0]",1,cpu,Place the red cube in the yellow receptacle.,0.9960846517629464,fusion,0,0.015049003697819793,0.015126696702065831,12.6099000335671,14.82221496407874,11.53054996393621,16.224420093931258,200002,4.4,88,True,23.5812000464648,29.59225497324951,0,onnx,0.004,3.144035500008613,False,False
onnx_denoiser,artifacts\main_runs\fusion_s0\best.pt,444aa2e097000653ffff70bcc420740f13ffd7e1b26c6bd3e1e444eb4bea9263,False,0,nominal,False,2,"[0.7881847023963928, -0.8440117239952087, -0.8068865537643433, 0.006553010083734989, 0.006765052210539579, -0.009772821329534054, -0.9764202833175659]",1,cpu,Place the green cube in the yellow receptacle.,0.8207844891595659,fusion,1,0.18197097510032068,0.18201979647996352,11.212549987249076,13.284259976353496,10.172549984417856,14.087684988044202,200003,11.0,220,False,21.17229998111725,26.89362503006123,0,onnx,0.004,6.3919210999738425,False,False
onnx_denoiser,artifacts\main_runs\fusion_s0\best.pt,444aa2e097000653ffff70bcc420740f13ffd7e1b26c6bd3e1e444eb4bea9263,False,0,nominal,False,2,"[0.7776010632514954, 0.8551518321037292, -0.8041223287582397, 0.0009507185313850641, 0.005137470550835133, -0.0034060953184962273, -1.0]",0,cpu,Place the red cube in the blue receptacle.,0.8207844891595659,fusion,0,0.21935313159052347,0.2193936345252873,11.199600005056709,13.432779931463301,10.450650006532669,14.8328649753239,200004,11.0,220,False,21.559800021350384,27.42464001639746,0,onnx,0.004,6.628411100013182,False,False
onnx_denoiser,artifacts\main_runs\fusion_s0\best.pt,444aa2e097000653ffff70bcc420740f13ffd7e1b26c6bd3e1e444eb4bea9263,False,0,nominal,False,2,"[0.791195273399353, -0.8381624221801758, -0.799613356590271, 0.006475674919784069, 0.006904236041009426, -0.009724859148263931, -1.0]",0,cpu,Place the green cube in the blue receptacle.,0.8207844891595659,fusion,1,0.14562093698128853,0.14568194060676917,5.922699987422675,9.773289947770534,6.39684998895973,10.478145023807878,200005,11.0,220,False,12.474050046876073,21.24043995281681,0,onnx,0.004,4.078785300021991,False,True
onnx_denoiser,artifacts\main_runs\fusion_s0\best.pt,444aa2e097000653ffff70bcc420740f13ffd7e1b26c6bd3e1e444eb4bea9263,False,0,nominal,False,2,"[0.7757202982902527, 0.8660019040107727, -0.8057664632797241, 0.0009939218871295452, 0.0050509655848145485, -0.0033289333805441856, -1.0]",1,cpu,Place the red cube in the yellow receptacle.,0.9913830724860695,fusion,0,0.02456205151921204,0.024726228519643866,5.539099976886064,6.978455028729511,6.261600065045059,7.077690033474935,200006,5.2,104,True,11.804300011135638,13.592929969308896,0,onnx,0.004,2.0310008000815287,False,False
onnx_denoiser,artifacts\main_runs\fusion_s0\best.pt,444aa2e097000653ffff70bcc420740f13ffd7e1b26c6bd3e1e444eb4bea9263,True,2,nominal,False,2,"[0.7857493758201599, 0.8508983254432678, -0.809994101524353, 0.001100220950320363, 0.00512940576300025, -0.0034900992177426815, -1.0]",1,cpu,Place the green cube in the yellow receptacle.,0.8207844891595659,fusion,1,0.3064769812428536,0.3065059714970954,5.562049977015704,6.458364939317107,6.056450016330928,7.3528099281247705,200007,11.0,220,False,11.80679997196421,13.25872504385188,0,onnx,0.004,4.399341700016521,False,True
onnx_denoiser,artifacts\main_runs\fusion_s0\best.pt,444aa2e097000653ffff70bcc420740f13ffd7e1b26c6bd3e1e444eb4bea9263,False,0,nominal,False,2,"[0.7899191379547119, 0.8564199209213257, -0.8151834011077881, 0.0011110289487987757, 0.0050667827017605305, -0.0034640664234757423, -1.0]",0,cpu,Place the red cube in the blue receptacle.,0.8207844891595659,fusion,0,0.31814590724672226,0.31817383429422,5.511299998033792,6.167804996948689,5.982399976346642,7.073119998676702,200008,11.0,220,False,11.689950071740896,12.692359957145527,0,onnx,0.004,4.254076299956068,False,True
onnx_denoiser,artifacts\main_runs\fusion_s0\best.pt,444aa2e097000653ffff70bcc420740f13ffd7e1b26c6bd3e1e444eb4bea9263,False,0,nominal,False,2,"[0.7812316417694092, -0.8192465901374817, -0.7990908622741699, 0.006258032284677029, 0.0069239214062690735, -0.009512493386864662, -0.992701530456543]",0,cpu,Place the green cube in the blue receptacle.,0.8207844891595659,fusion,1,0.19157928881582295,0.19162566225540442,5.485400033649057,6.206819973886013,6.254200008697808,7.220680074533448,200009,11.0,220,False,11.896150012034923,12.926989933475852,0,onnx,0.004,4.438059699954465,False,True
onnx_denoiser,artifacts\main_runs\fusion_s0\best.pt,444aa2e097000653ffff70bcc420740f13ffd7e1b26c6bd3e1e444eb4bea9263,False,0,nominal,False,2,"[0.7825313210487366, -0.8984134793281555, -0.7622219324111938, 0.006539587862789631, 0.0069906641729176044, -0.009833315387368202, -0.9996594190597534]",1,cpu,Place the red cube in the yellow receptacle.,0.9944873048111865,fusion,0,0.01318110135265985,0.013472118060025544,5.5198000045493245,6.884250033181161,6.233599968254566,7.56574998376891,200010,5.1,102,True,11.899899924173951,13.437149988021702,0,onnx,0.004,2.1268423999426886,False,False
onnx_denoiser,artifacts\main_runs\fusion_s0\best.pt,444aa2e097000653ffff70bcc420740f13ffd7e1b26c6bd3e1e444eb4bea9263,False,0,nominal,False,2,"[0.7809593081474304, 0.8289660811424255, -0.8201233148574829, 0.0010867363307625055, 0.00518549932166934, -0.0035296203568577766, -1.0]",1,cpu,Place the green cube in the yellow receptacle.,0.8207844891595659,fusion,1,0.19514521331786855,0.19519073956651284,5.4921500268392265,6.400444963946938,6.289799988735467,7.321769965346903,200011,11.0,220,False,11.803600005805492,13.3600449829828,0,onnx,0.004,4.35223479999695,False,True
onnx_denoiser,artifacts\main_runs\fusion_s0\best.pt,444aa2e097000653ffff70bcc420740f13ffd7e1b26c6bd3e1e444eb4bea9263,False,0,nominal,False,2,"[0.7938607335090637, 0.18089546263217926, -0.8944052457809448, 0.002924528205767274, 0.004452848806977272, -0.007477261126041412, -1.0]",0,cpu,Place the red cube in the blue receptacle.,0.9812419526450074,fusion,0,0.13225368901183096,0.1323209001326827,5.805150023661554,8.032329968409613,6.324150017462671,8.226195018505676,200012,11.0,220,False,12.040900066494942,16.17397001828067,0,onnx,0.004,4.426101999939419,False,False
onnx_denoiser,artifacts\main_runs\fusion_s0\best.pt,444aa2e097000653ffff70bcc420740f13ffd7e1b26c6bd3e1e444eb4bea9263,False,0,nominal,False,2,"[0.779196560382843, 0.8054923415184021, -0.818091869354248, 0.0011086533777415752, 0.005200647749006748, -0.00366487680003047, -1.0]",0,cpu,Place the green cube in the blue receptacle.,0.8207844891595659,fusion,1,0.1653931338411372,0.16544684721516498,7.277950004208833,8.942645008210093,7.539650017861277,8.834914962062612,200013,11.0,220,False,15.045300067868084,16.781139973318204,0,onnx,0.004,5.247713799937628,False,True
onnx_denoiser,artifacts\main_runs\fusion_s0\best.pt,444aa2e097000653ffff70bcc420740f13ffd7e1b26c6bd3e1e444eb4bea9263,True,1,nominal,False,2,"[0.7766562700271606, 0.8723183274269104, -0.8019489049911499, 0.0008314359001815319, 0.00522016454488039, -0.003257949836552143, -1.0]",1,cpu,Place the red cube in the yellow receptacle.,0.8226389399403318,fusion,0,0.2784142934948587,0.27844620549378496,7.111750019248575,8.363134984392673,7.124949945136905,8.903294976335019,200014,11.0,220,False,14.32259997818619,16.41132505610585,0,onnx,0.004,4.725061799981631,False,False
onnx_denoiser,artifacts\main_runs\fusion_s0\best.pt,444aa2e097000653ffff70bcc420740f13ffd7e1b26c6bd3e1e444eb4bea9263,False,0,nominal,False,2,"[0.7588403820991516, 0.9392814636230469, -0.7794002294540405, 0.0008998990524560213, 0.004577049054205418, -0.0029213796369731426, -0.9527268409729004]",1,cpu,Place the green cube in the yellow receptacle.,0.8207844891595659,fusion,1,0.2929797524150453,0.2930100780806474,7.068400038406253,8.38508996530436,7.739050022792071,9.14983005495742,200015,11.0,220,False,14.858199981972575,17.283114983001724,0,onnx,0.004,4.441022900049575,False,True
onnx_denoiser,artifacts\main_runs\fusion_s0\best.pt,444aa2e097000653ffff70bcc420740f13ffd7e1b26c6bd3e1e444eb4bea9263,False,0,nominal,False,2,"[0.7794905304908752, 0.8581977486610413, -0.8086440563201904, 0.0010146934073418379, 0.005058449227362871, -0.0034238146618008614, -1.0]",0,cpu,Place the red cube in the blue receptacle.,0.987903725000902,fusion,0,0.04179102406300796,0.04626062024911826,7.338900002650917,8.068950031884015,7.982899900525808,8.757750038057566,200016,5.05,101,True,15.341300051659346,16.647050040774047,0,onnx,0.004,2.3968927999958396,False,False
onnx_denoiser,artifacts\main_runs\fusion_s0\best.pt,444aa2e097000653ffff70bcc420740f13ffd7e1b26c6bd3e1e444eb4bea9263,False,0,nominal,False,2,"[0.769990086555481, 0.8254451751708984, -0.8106321096420288, 0.0010137255303561687, 0.005207481328397989, -0.0034873951226472855, -0.9998708963394165]",0,cpu,Place the green cube in the blue receptacle.,0.8207844891595659,fusion,1,0.16832047710415268,0.1683732566181916,7.092149986419827,8.716099977027625,7.646300015039742,8.648690028348938,200017,11.0,220,False,14.864699973259121,16.229634964838624,0,onnx,0.004,5.1028827000409365,False,True
onnx_denoiser,artifacts\main_runs\fusion_s0\best.pt,444aa2e097000653ffff70bcc420740f13ffd7e1b26c6bd3e1e444eb4bea9263,False,0,nominal,False,2,"[0.7745742201805115, 0.8479496836662292, -0.8047508001327515, 0.000859683845192194, 0.0052929106168448925, -0.003375125117599964, -1.0]",1,cpu,Place the red cube in the yellow receptacle.,0.8207844891595659,fusion,0,0.14000056625998553,0.14006401780886632,7.228849979583174,7.977169961668551,7.431650010403246,8.614714990835637,200018,11.0,220,False,14.714349992573261,16.5878799802158,0,onnx,0.004,5.08790260006208,False,True
onnx_denoiser,artifacts\main_runs\fusion_s0\best.pt,444aa2e097000653ffff70bcc420740f13ffd7e1b26c6bd3e1e444eb4bea9263,True,2,nominal,False,2,"[0.7949156165122986, -0.8503497838973999, -0.7898194789886475, 0.006444478407502174, 0.007026917766779661, -0.009820131585001945, -1.0]",1,cpu,Place the green cube in the yellow receptacle.,0.8230879745633392,fusion,1,0.21744558919066462,0.21748644737114334,7.270299945957959,8.575740020023659,6.880799948703498,8.569710049778223,200019,11.0,220,False,14.302349998615682,16.193860000930727,0,onnx,0.004,5.3081996999681,False,False
