checkpoint,collision,collision_steps,condition,dropped,execute_steps,inference_device,instruction,max_lift_m,mode,placement_error_m,placement_error_xyz_m,policy_p50_ms,policy_p95_ms,preprocess_p50_ms,preprocess_p95_ms,scene_seed,simulation_seconds,steps,success,total_p50_ms,total_p95_ms,training_seed,wall_seconds,wrong_destination,wrong_target
artifacts/smolvla_s0/best.pt,False,0,nominal,False,2,cuda,Place the red cube in the blue receptacle.,0.8207844891595659,smolvla,0.18477378986044285,0.18482187086770036,517.261500004679,667.9145500878803,1.2930999509990215,1.7287750262767074,200000,11.0,220,False,518.5045000398532,669.5547250506934,0,63.97515359998215,False,False
artifacts/smolvla_s0/best.pt,False,0,nominal,False,2,cuda,Place the green cube in the blue receptacle.,0.821611303269172,smolvla,0.18066269168603158,0.1807118665137625,484.3287999974564,527.7205999940634,1.1873499606736004,1.4685449423268437,200001,11.0,220,False,485.507300007157,529.0557150088716,0,56.46469499997329,False,False
artifacts/smolvla_s0/best.pt,False,0,nominal,False,2,cuda,Place the red cube in the yellow receptacle.,0.8207844891595659,smolvla,0.17045157052227233,0.17050369035641133,486.8486499763094,563.664684985997,1.1903500417247415,1.5198800479993224,200002,11.0,220,False,488.06859995238483,564.8962849634698,0,57.36650030000601,False,False
artifacts/smolvla_s0/best.pt,False,0,nominal,False,2,cuda,Place the green cube in the yellow receptacle.,0.8207844891595659,smolvla,0.18197097510024549,0.18201979647988836,491.1082499893382,581.7344600160139,1.2093500117771327,1.5243999660015106,200003,11.0,220,False,492.27909999899566,582.9295550473033,0,58.314332199981436,False,False
artifacts/smolvla_s0/best.pt,False,0,nominal,False,2,cuda,Place the red cube in the blue receptacle.,0.8207844891595659,smolvla,0.2193531315905863,0.2193936345253501,481.69184994185343,533.028434967855,1.205699983984232,1.4619500085245818,200004,11.0,220,False,482.9588999855332,534.2026399681345,0,56.371415599947795,False,False
artifacts/smolvla_s0/best.pt,False,0,nominal,False,2,cuda,Place the green cube in the blue receptacle.,0.8207844891595659,smolvla,0.14562093698120918,0.14568194060668987,475.95275001367554,537.8215550037567,1.1947000166401267,1.4781200035940854,200005,11.0,220,False,477.20194997964427,539.1899800451938,0,55.67825310002081,False,False
artifacts/smolvla_s0/best.pt,False,0,nominal,False,2,cuda,Place the red cube in the yellow receptacle.,0.8207844891595659,smolvla,0.2781656488286616,0.2781975893495774,464.32159998221323,479.9248700786847,1.165499968919903,1.3514600228518248,200006,11.0,220,False,465.5388999963179,481.09661002526985,0,53.65384839999024,False,False
artifacts/smolvla_s0/best.pt,False,0,nominal,False,2,cuda,Place the green cube in the yellow receptacle.,0.8207844891595659,smolvla,0.3064769812428206,0.3065059714970624,463.73210003366694,479.3622550321743,1.1655500275082886,1.3392850058153272,200007,11.0,220,False,464.85995006514713,480.69439999526367,0,53.71030369994696,False,False
artifacts/smolvla_s0/best.pt,True,1,nominal,False,2,cuda,Place the red cube in the blue receptacle.,0.8207844891595659,smolvla,0.31814590724662084,0.31817383429411866,496.59414996858686,827.4113049730659,1.2160499463789165,1.8893050029873848,200008,11.0,220,False,497.8059499990195,829.4736749667209,0,65.5863330999855,False,False
artifacts/smolvla_s0/best.pt,False,0,nominal,False,2,cuda,Place the green cube in the blue receptacle.,0.8207844891595659,smolvla,0.19157928881574846,0.19162566225532993,442.1365999733098,488.4628549974877,1.058399968314916,1.2459299934562296,200009,11.0,220,False,443.19934997474775,489.56667998572806,0,51.913966199965216,False,False
artifacts/smolvla_s0/best.pt,True,2,nominal,False,2,cuda,Place the red cube in the yellow receptacle.,0.8297317574452,smolvla,0.18874085119617637,0.1887879218644641,783.536599999934,1051.769710000167,1.8269499998950778,2.1749800000861796,200010,11.0,220,False,785.69379999999,1053.8433249998889,0,97.54775370000016,False,False
artifacts/smolvla_s0/best.pt,False,0,nominal,False,2,cuda,Place the green cube in the yellow receptacle.,0.932752712577534,smolvla,0.10716519277554747,0.10883597489892315,776.0557500000687,973.2946300001458,1.8003999998654763,2.017159999877549,200011,11.0,220,False,777.8687499999251,975.271785000109,0,89.15557350000017,False,False
artifacts/smolvla_s0/best.pt,True,2,nominal,False,2,cuda,Place the red cube in the blue receptacle.,0.8207844891595659,smolvla,0.23518009538741172,0.23521787304131012,780.5170500005261,902.5163800001337,1.8092000004799047,2.0153749999735737,200012,11.0,220,False,782.3318000000654,904.3930700000145,0,91.20148580000023,False,False
artifacts/smolvla_s0/best.pt,False,0,nominal,False,2,cuda,Place the green cube in the blue receptacle.,0.8207844891595659,smolvla,0.16599732807307999,0.16605084600521483,760.0354000001062,997.1152849998361,1.780999999937194,2.0498400003361894,200013,11.0,220,False,762.0095500001298,999.3370950001008,0,90.55785819999983,False,False
artifacts/smolvla_s0/best.pt,True,1,nominal,False,2,cuda,Place the red cube in the yellow receptacle.,0.8207844891595658,smolvla,0.27600910549628516,0.2760412955492444,746.7541500000152,889.2563949998929,1.7798499998207262,1.9197350000922595,200014,11.0,220,False,748.7202999996043,891.1367299996073,0,88.61177790000056,False,False
artifacts/smolvla_s0/best.pt,False,0,nominal,False,2,cuda,Place the green cube in the yellow receptacle.,0.8207844891595659,smolvla,0.29297975241505303,0.2930100780806551,774.889499999972,990.7016800002111,1.795250000213855,2.0791349997580255,200015,11.0,220,False,776.9988000000012,992.6150550003058,0,91.82522999999946,False,False
artifacts/smolvla_s0/best.pt,False,0,nominal,False,2,cuda,Place the red cube in the blue receptacle.,0.8207844891595659,smolvla,0.2637031297080372,0.26373682175505886,507.6463000000331,831.0558549996585,1.3330500000847678,1.96616500024902,200016,11.0,220,False,508.83505000001605,832.8783249994103,0,68.27060119999987,False,False
artifacts/smolvla_s0/best.pt,False,0,nominal,False,2,cuda,Place the green cube in the blue receptacle.,0.8207844891595659,smolvla,0.16847760246442886,0.16853033277071502,772.5308999997651,900.5365950002214,1.8142999997508014,2.2112750003088872,200017,11.0,220,False,774.4296000000759,902.374170000803,0,91.2577040999995,False,False
artifacts/smolvla_s0/best.pt,False,0,nominal,False,2,cuda,Place the red cube in the yellow receptacle.,0.8207844891595659,smolvla,0.14000056625992363,0.14006401780880443,772.8718500002287,846.3898700001209,1.7987500004892354,1.9643450001240126,200018,11.0,220,False,774.7463500004415,848.2406050003647,0,90.26607580000018,False,False
artifacts/smolvla_s0/best.pt,True,1,nominal,False,2,cuda,Place the green cube in the yellow receptacle.,0.8207844891595659,smolvla,0.21711667822249736,0.2171575982875508,771.8399999998837,821.6427149999163,1.801800000066578,1.9522399997640605,200019,11.0,220,False,773.597649999374,823.4415649996663,0,90.29817010000079,False,False
