mode,training_seed,condition,episodes,success_rate,success_wilson95,wrong_target,wrong_destination,dropped,collision,placement_error_m,placement_error_xyz_m,wall_seconds,simulation_seconds,policy_p50_ms,policy_p95_ms,preprocess_p50_ms,preprocess_p95_ms,total_p50_ms,total_p95_ms
mono,0,nominal,100,0.24,"[0.16691325556948772, 0.33232336349814473]",0.41,0.0,0.01,0.11,0.1753689583376496,0.17545810846189613,4.047388894995675,9.595999999999998,12.77752099209465,13.557849650504068,3.395917498273775,4.160126249364112,16.196151009062305,17.30149884754792
mono,0,occlusion,100,0.19,"[0.12514751509768735, 0.27778845379064376]",0.26,0.02,0.0,0.14,0.19049266559183242,0.19065802895542383,4.384476681007072,9.8615,13.180475001572631,14.060694500454701,5.1696615014225245,6.146479102084413,18.4020879981108,19.690173647832125
mono,0,depth_degraded,20,0.25,"[0.11186170140766569, 0.468700877618744]",0.4,0.0,0.0,0.1,0.16926527582291162,0.1694819793369212,4.148922255012439,9.4925,12.97755749837961,13.361809748748783,5.550554994260892,6.5718219976406544,18.56587501242757,19.599193007161375
mono,0,fixed_camera_missing,100,0.0,"[3.469446951953614e-18, 0.03699349820698568]",0.16,0.01,0.0,0.39,0.23141687715369208,0.23145858371118946,4.547775240001502,11.0,12.650568498647772,13.649714996456169,3.2551065046573058,4.111522602441255,15.984435497084633,17.235801698290743
mono,0,extrinsic_error,20,0.25,"[0.11186170140766569, 0.468700877618744]",0.5,0.0,0.0,0.15,0.15967780214225252,0.1599218245704952,4.220819714985555,9.5025,12.528292502975091,13.73676449235063,5.778714994085021,6.659771989798173,18.388037499971688,19.778866492561065
mono,1,nominal,100,0.37,"[0.28182360534324524, 0.4677947041905709]",0.3,0.0,0.0,0.06,0.15165461595205365,0.15190814214414558,3.643527556998888,8.7245,12.780981994583271,13.445454398111906,3.3204925002064556,4.1304101010318846,16.126050006132573,17.172813555283938
mono,1,occlusion,100,0.26,"[0.18404698464748132, 0.3537098944918718]",0.25,0.0,0.0,0.06,0.16389097792330534,0.16696815285243768,4.168939135007094,9.43,12.585486002499238,13.799957799026743,5.393087004777044,6.295479554508347,18.03661599638872,19.484139545354992
mono,1,depth_degraded,20,0.3,"[0.1454772448676043, 0.5189728183535235]",0.35,0.0,0.0,0.15,0.16390416474869562,0.1641968692273664,4.209402219986077,9.1725,13.349085001391359,14.362235747394152,5.910992514691316,6.857332739746198,19.32674999407027,20.51026375120273
mono,1,fixed_camera_missing,100,0.0,"[3.469446951953614e-18, 0.03699349820698568]",0.07,0.0,0.0,0.17,0.23241705801387944,0.2324585147491669,4.654954934987472,11.0,13.018757998361252,13.870907301432453,3.1309380003949627,4.048258950409945,16.225983992917463,17.423534105415456
mono,1,extrinsic_error,20,0.3,"[0.1454772448676043, 0.5189728183535235]",0.4,0.0,0.0,0.15,0.17226294226549851,0.17257783636156815,4.177159200009191,9.1775,13.253952498780563,14.198007748054806,5.752219990245067,6.751169247145299,19.080137502169237,20.38115825591376
mono,2,nominal,100,0.3,"[0.2189488529493276, 0.3958485463334666]",0.33,0.0,0.0,0.17,0.17458981697972956,0.17481090658617146,3.8855191969906446,9.191,12.84209750010632,13.56044425215805,3.3640405000187457,4.150315100792795,16.220266498276033,17.2995841926313
mono,2,occlusion,100,0.26,"[0.18404698464748132, 0.3537098944918718]",0.23,0.0,0.01,0.16,0.17202413034384917,0.17230358223897554,4.202870117997517,9.4145,13.012539502233267,13.809145647333935,5.387368493247777,6.223527096037287,18.43468899896834,19.5403931493056
mono,2,depth_degraded,20,0.4,"[0.21880653237281705, 0.6134184992377469]",0.4,0.05,0.0,0.05,0.15992792951081214,0.16000632101960496,4.023310434992891,8.7925,13.227297490811907,14.144469748425763,5.998979997821152,6.878517002623994,19.30630500719417,20.44684575201245
mono,2,fixed_camera_missing,100,0.03,"[0.010254524024038925, 0.0845193642905276]",0.09,0.01,0.0,0.11,0.2225222908168583,0.22267344526118882,4.513400249002734,10.826500000000001,12.548646501963958,13.529959394829348,3.2733920018654317,4.1092123533017,15.889107001712546,17.142293752054684
mono,2,extrinsic_error,20,0.25,"[0.11186170140766569, 0.468700877618744]",0.35,0.05,0.0,0.1,0.17757009747273728,0.17807637759602538,4.299228764994768,9.537500000000001,13.088547496590763,14.238078754278831,5.598530007409863,6.541267750726547,18.78289751475677,20.01038749003783
fusion,0,nominal,100,0.27,"[0.1926958414957634, 0.36432116767944994]",0.41,0.0,0.01,0.09,0.1659028336309934,0.16634092370828263,4.200328603999224,9.437000000000001,12.611324000172317,13.49053060208098,5.867053499969188,6.9508547502045985,18.54183949617436,19.860561345005408
fusion,0,occlusion,100,0.27,"[0.1926958414957634, 0.36432116767944994]",0.4,0.01,0.0,0.13,0.16945029628376618,0.16965201624100057,4.367058302008081,9.4275,12.439774505328387,13.284682949772105,7.90569499542471,9.065120102488436,20.399284499580972,21.92342974449275
fusion,0,depth_degraded,20,0.25,"[0.11186170140766569, 0.468700877618744]",0.5,0.0,0.0,0.1,0.16947337309911653,0.1697488220307808,4.809532970009604,9.5125,13.20335500058718,13.839815990650095,11.571357501088642,12.708625746017788,24.75004499719944,26.209342736692633
fusion,0,fixed_camera_missing,100,0.18,"[0.1170022549894635, 0.2666735838630073]",0.38,0.13,0.01,0.17,0.19993887443860925,0.20605958753190096,4.4934206530021035,10.026,12.674148003570735,13.545640157128219,6.206391505547799,7.193616648612078,18.92203749914188,20.196086702751927
fusion,0,extrinsic_error,20,0.25,"[0.11186170140766569, 0.468700877618744]",0.5,0.0,0.0,0.15,0.1652343386535568,0.16530445211361078,4.504028555005789,9.469999999999999,12.649760011117905,13.666417250351515,8.676207496318966,9.740827996865846,21.377410014974885,22.783048999262974
fusion,1,nominal,100,0.34,"[0.25461520797348164, 0.43722271145275377]",0.29,0.0,0.0,0.11,0.15607762553533625,0.15630420526273103,4.040208950999658,8.964,12.765721497708,13.769298489962239,6.1726459983037785,7.15410249622073,18.99299849930685,20.280906951869838
fusion,1,occlusion,100,0.33,"[0.24563122734128034, 0.4269465620490947]",0.28,0.0,0.0,0.05,0.16608291368209221,0.16630583402537943,4.247382921004901,8.998,12.819676998187788,14.01214050379349,8.046676504891366,9.232689799158834,20.973474498605356,22.48002954648109
fusion,1,depth_degraded,20,0.35,"[0.18119182410108206, 0.5671457233147638]",0.3,0.0,0.0,0.2,0.15862682473159748,0.15875551715947578,4.482570669986307,8.8425,13.295170001219958,14.16399298759643,11.43051247636322,12.740682500589173,24.716682502184995,26.379801745933946
fusion,1,fixed_camera_missing,100,0.19,"[0.12514751509768735, 0.27778845379064376]",0.28,0.14,0.0,0.09,0.19850499645214992,0.1987311784768101,4.388043034997536,9.818999999999999,12.56914849684108,13.639575250388589,6.180743998847902,7.156750646769069,18.82892149325926,20.11719580309
fusion,1,extrinsic_error,20,0.35,"[0.18119182410108206, 0.5671457233147638]",0.3,0.0,0.0,0.1,0.15784148299955827,0.15796776896580889,4.246044920006534,8.852500000000001,12.897107496974058,13.959197256772313,8.72014498745557,9.830971248738933,21.6446550010005,23.15295325999614
fusion,2,nominal,100,0.31,"[0.22779697212376038, 0.40626055719489407]",0.29,0.0,0.0,0.23,0.16759365634295265,0.16780700530824894,4.104980144004803,9.1105,12.986426502466202,13.551632554503158,6.227118501556106,7.129392300383188,19.206687997211702,20.29151280433871
fusion,2,occlusion,100,0.28,"[0.20139685211186212, 0.3748802870992116]",0.25,0.0,0.0,0.18,0.17172228484822438,0.1718104940288561,4.3856161229975985,9.316,12.785111998673528,13.65214400779223,8.295764000504278,9.345341996639036,21.119136002962478,22.418100652634166
fusion,2,depth_degraded,20,0.4,"[0.21880653237281705, 0.6134184992377469]",0.35,0.0,0.0,0.05,0.13173026817670258,0.13203891973107623,4.327815160009777,8.5325,12.658882496180013,13.80250075715594,11.831217494909652,13.134304754785262,24.51427500054706,26.363913487293757
fusion,2,fixed_camera_missing,100,0.14,"[0.08526343659939134, 0.22137188210963837]",0.26,0.15,0.0,0.19,0.21916042453771115,0.22096269207211605,4.620617258005077,10.2245,12.811070497264154,13.953048848896287,6.201042497996241,7.254738302144688,19.076520503731444,20.50293984974269
fusion,2,extrinsic_error,20,0.4,"[0.21880653237281705, 0.6134184992377469]",0.4,0.0,0.0,0.2,0.13952870851981705,0.140056214977146,4.00673555000103,8.595,12.758232510532252,13.296709257992916,8.315787487663329,9.359498507110402,21.118004989693873,22.287007233826444
act,0,nominal,20,0.0,"[0, 0.16112515805281938]",0.25,0.2,0.0,0.0,0.2511497679803728,0.25118780726394935,3.0660252499976197,11.0,2.2719350119587034,2.7275922437547706,0.1747400063322857,0.2735679963370785,2.454849999048747,2.9320622520754114
act,0,occlusion,20,0.0,"[0, 0.16112515805281938]",0.1,0.2,0.0,0.0,0.25132108193521174,0.25135912144919004,3.0081655000161844,11.0,2.2681849950458854,2.6487312489189208,0.2840550063410774,0.4059772554319352,2.5601849949453026,2.9753580113174394
act,0,depth_degraded,20,0.0,"[0, 0.16112515805281938]",0.25,0.2,0.0,0.0,0.2511497679803728,0.25118780726394935,3.058940254995832,11.0,2.2768925060518086,2.7219852528651245,0.17567750182934105,0.27236299676587805,2.4610349908471107,2.9258537606801838
act,0,fixed_camera_missing,20,0.0,"[0, 0.16112515805281938]",0.05,0.15,0.0,0.0,0.23823307353412743,0.2382732103339161,3.08005532498355,11.0,2.212512490223162,2.7307359944097698,0.1757175021339208,0.274204752931837,2.398024991271086,2.950629996485077
act,0,extrinsic_error,20,0.0,"[0, 0.16112515805281938]",0.25,0.2,0.0,0.0,0.2511497679803728,0.25118780726394935,3.0641566000005698,11.0,2.281005002441816,2.781307500845287,0.1763800042681396,0.27798525523394346,2.4683799972990528,2.996645267121494
act,1,nominal,20,0.0,"[0, 0.16112515805281938]",0.0,0.0,0.0,0.75,0.215781394995101,0.21582506768823584,3.1018145299924074,11.0,2.276457496918738,2.7672485006041825,0.17399750067852437,0.27211800595978275,2.4603450088761747,2.9737597663188353
act,1,occlusion,20,0.0,"[0, 0.16112515805281938]",0.0,0.0,0.0,0.75,0.2157804308766857,0.21582410392489243,3.0027939899882767,11.0,2.1796599874505773,2.661464492266532,0.28421000170055777,0.42450300097698346,2.473764997557737,2.9953550148638897
act,1,depth_degraded,20,0.0,"[0, 0.16112515805281938]",0.0,0.0,0.0,0.75,0.215781394995101,0.21582506768823584,3.079224614996929,11.0,2.211297507165,2.7216332545503974,0.1769250025972724,0.27130199887324125,2.3967549903318286,2.9266592432395555
act,1,fixed_camera_missing,20,0.0,"[0, 0.16112515805281938]",0.0,0.0,0.0,0.75,0.21577215311065917,0.2158158290219725,3.109248675004346,11.0,2.3055875033605844,2.8094607533421367,0.1864349964307621,0.28429550933651626,2.5042049936018884,3.0346602460485883
act,1,extrinsic_error,20,0.0,"[0, 0.16112515805281938]",0.0,0.0,0.0,0.75,0.215781394995101,0.21582506768823584,3.081763970013708,11.0,2.171322496724315,2.719299251330085,0.17748998943716288,0.2743907395051792,2.3585950024425983,2.9279285002849065
act,2,nominal,20,0.0,"[0, 0.16112515805281938]",0.1,0.2,0.0,0.25,0.24926152564569687,0.24929976191676992,3.1127478800190147,11.0,2.196605008793995,2.7250452581210993,0.18195000011473894,0.27945348992943764,2.3901775013655424,2.9440062562935054
act,2,occlusion,20,0.0,"[0, 0.16112515805281938]",0.05,0.15,0.0,0.25,0.23943358142967092,0.2394733571069622,3.0924848299997394,11.0,2.2721825051121414,2.7674677514005452,0.28814749675802886,0.43354874855140224,2.5736824987689033,3.0954747469513677
act,2,depth_degraded,20,0.0,"[0, 0.16112515805281938]",0.1,0.2,0.0,0.25,0.24926152564569687,0.24929976191676992,3.0953186800063124,11.0,2.2678849956719205,2.763370245520491,0.17860500374808908,0.2762187397456728,2.453227498335764,2.9670560019440018
act,2,fixed_camera_missing,20,0.05,"[0.008881448800795402, 0.23613119344674205]",0.1,0.2,0.0,0.0,0.22290181003528814,0.22494772719448078,2.984783014981076,10.715,2.15633999905549,2.712892752024345,0.17704500642139465,0.27153548784554005,2.3416300129611045,2.915776500594802
act,2,extrinsic_error,20,0.0,"[0, 0.16112515805281938]",0.1,0.2,0.0,0.25,0.24926152564569687,0.24929976191676992,3.090325459995074,11.0,2.2772350115701556,2.7426402413402684,0.1769724942278117,0.27582973620155826,2.4644824938150123,2.9447127535240725
